city;day;convrate;avspend;visits;sales;total_spending
Milan;2018-10-15 00:00:00;0,477;60,04;35820;17086,14;1025851,846
Rome;2018-10-15 00:00:00;0,463;47,74;15830;7329,29;349900,3046
Naples;2018-10-15 00:00:00;0,613;26,14;22428;13748,364;359382,235
Milan;2018-10-16 00:00:00;0,456;67,34;35929;16383,624;1103273,24
Rome;2018-10-16 00:00:00;0,58;34,76;15474;8974,92;311968,2192
Naples;2018-10-16 00:00:00;0,525;31,46;22515;11820,375;371868,9975
Milan;2018-10-17 00:00:00;0,721;43,48;35713;25749,073;1119569,694
Rome;2018-10-17 00:00:00;0,527;38,34;15266;8045,182;308452,2779
Naples;2018-10-17 00:00:00;0,507;31,58;22584;11450,088;361593,779
Milan;2018-10-18 00:00:00;0,427;70,71;35612;15206,324;1075239,17
Rome;2018-10-18 00:00:00;0,66;29;15333;10119,78;293473,62
Naples;2018-10-18 00:00:00;0,469;33,97;22634;10615,346;360603,3036
Milan;2018-10-19 00:00:00;0,614;49,44;35412;21742,968;1074972,338
Rome;2018-10-19 00:00:00;0,654;30,22;15475;10120,65;305846,043
Naples;2018-10-19 00:00:00;0,414;42,25;22658;9380,412;396322,407
Milan;2018-10-20 00:00:00;0,582;55,13;35432;20621,424;1136859,105
Rome;2018-10-20 00:00:00;0,437;43,89;15599;6816,763;299187,7281
Naples;2018-10-20 00:00:00;0,605;22,04;23016;13924,68;306899,9472
Milan;2018-10-21 00:00:00;0,365;77,2;35592;12991,08;1002911,376
Rome;2018-10-21 00:00:00;0,563;37,5;15790;8889,77;333366,375
Naples;2018-10-21 00:00:00;0,733;24,56;23430;17174,19;421798,1064
Milan;2018-10-22 00:00:00;0,495;59,68;35373;17509,635;1044975,017
Rome;2018-10-22 00:00:00;0,708;30,26;15573;11025,684;333637,1978
Naples;2018-10-22 00:00:00;0,666;23,16;23390;15577,74;360780,4584
Milan;2018-10-23 00:00:00;0,739;38,02;35405;26164,295;994766,4959
Rome;2018-10-23 00:00:00;0,361;53,72;15527;5605,247;301113,8688
Naples;2018-10-23 00:00:00;0,48;31,12;23477;11268,96;350690,0352
Milan;2018-10-24 00:00:00;0,442;67,31;35357;15627,794;1051906,814
Rome;2018-10-24 00:00:00;0,604;33,94;15583;9412,132;319447,7601
Naples;2018-10-24 00:00:00;0,442;37,59;23606;10433,852;392208,4967
Milan;2018-10-25 00:00:00;0,493;65,04;35213;17360,009;1129094,985
Rome;2018-10-25 00:00:00;0,724;27,32;15472;11201,728;306031,209
Naples;2018-10-25 00:00:00;0,614;23,76;23450;14398,3;342103,608
Milan;2018-10-26 00:00:00;0,694;44,37;35341;24526,654;1088247,638
Rome;2018-10-26 00:00:00;0,59;33,51;15824;9336,16;312854,7216
Naples;2018-10-26 00:00:00;0,533;31,72;23394;12469,002;395516,7434
Milan;2018-10-27 00:00:00;0,728;43,01;35400;25771,2;1108419,312
Rome;2018-10-27 00:00:00;0,569;32,59;15801;8990,769;293009,1617
Naples;2018-10-27 00:00:00;0,441;37,44;23380;10310,58;386028,1152
Milan;2018-10-28 00:00:00;0,63;48,78;35592;22422,96;1093791,989
Rome;2018-10-28 00:00:00;0,657;29,31;15748;10346,436;303254,0392
Naples;2018-10-28 00:00:00;0,416;37,22;23808;9904,128;368631,6442
Milan;2018-10-29 00:00:00;0,38;83,22;35683;13559,54;1128424,919
Rome;2018-10-29 00:00:00;0,604;35,12;15955;9636,82;338445,1184
Naples;2018-10-29 00:00:00;0,368;45,67;23595;8682,96;396550,7832
Milan;2018-10-30 00:00:00;0,475;68,16;35646;16931,85;1154074,896
Rome;2018-10-30 00:00:00;0,532;37,63;15623;8311,436;312759,3367
Naples;2018-10-30 00:00:00;0,449;32;23781;10677,669;341685,408
Milan;2018-10-31 00:00:00;0,541;53,65;35441;19173,581;1028662,621
Rome;2018-10-31 00:00:00;0,552;37,1;15584;8602,368;319147,8528
Naples;2018-10-31 00:00:00;0,57;27,04;23609;13457,13;363880,7952
Milan;2018-11-01 00:00:00;0,648;48,74;35460;22978,08;1119951,619
Rome;2018-11-01 00:00:00;0,457;42,77;15813;7226,541;309079,1586
Naples;2018-11-01 00:00:00;0,519;33,06;23530;12212,07;403731,0342
Milan;2018-11-02 00:00:00;0,386;79,59;35367;13651,662;1086535,779
Rome;2018-11-02 00:00:00;0,534;40,91;15539;8297,826;339464,0617
Naples;2018-11-02 00:00:00;0,5;34,87;23691;11845,5;413052,585
Milan;2018-11-03 00:00:00;0,372;80,38;35350;13150,2;1057013,076
Rome;2018-11-03 00:00:00;0,438;46,08;15568;6818,784;314209,5667
Naples;2018-11-03 00:00:00;0,434;41,17;23675;10274,95;423019,6915
Milan;2018-11-04 00:00:00;0,649;44,35;35802;23235,498;1030494,336
Rome;2018-11-04 00:00:00;0,591;36,15;15769;9319,479;336899,1659
Naples;2018-11-04 00:00:00;0,426;37,68;23817;10146,042;382302,8626
Milan;2018-11-05 00:00:00;0,382;77,34;35830;13687,06;1058557,22
Rome;2018-11-05 00:00:00;0,399;55,32;15860;6328,14;350072,7048
Naples;2018-11-05 00:00:00;0,647;23,25;23787;15390,189;357821,8943
Milan;2018-11-06 00:00:00;0,477;63,53;35833;17092,341;1085876,424
Rome;2018-11-06 00:00:00;0,43;47,69;15867;6822,81;325379,8089
Naples;2018-11-06 00:00:00;0,745;22,02;23775;17712,375;390026,4975
Milan;2018-11-07 00:00:00;0,467;67,89;35532;16593,444;1126528,913
Rome;2018-11-07 00:00:00;0,602;32,68;15555;9364,11;306019,1148
Naples;2018-11-07 00:00:00;0,623;28,1;23953;14922,719;419328,4039
Milan;2018-11-08 00:00:00;0,722;43,26;35440;25587,68;1106923,037
Rome;2018-11-08 00:00:00;0,411;45,63;15666;6438,726;293799,0674
Naples;2018-11-08 00:00:00;0,449;35,96;23578;10586,522;380691,3311
Milan;2018-11-09 00:00:00;0,415;69,6;35374;14680,21;1021742,616
Rome;2018-11-09 00:00:00;0,639;35,04;15720;10045,08;351979,6032
Naples;2018-11-09 00:00:00;0,734;20,46;23678;17379,652;355587,6799
Milan;2018-11-10 00:00:00;0,403;70,04;35222;14194,466;994180,3986
Rome;2018-11-10 00:00:00;0,734;27,66;15901;11671,334;322829,0984
Naples;2018-11-10 00:00:00;0,424;39,86;23830;10103,92;402742,2512
Milan;2018-11-11 00:00:00;0,439;67,7;35762;15699,518;1062857,369
Rome;2018-11-11 00:00:00;0,526;39,01;15545;8176,67;318971,8967
Naples;2018-11-11 00:00:00;0,396;36,48;24256;9605,376;350404,1165
Milan;2018-11-12 00:00:00;0,67;45,33;35526;23802,42;1078963,699
Rome;2018-11-12 00:00:00;0,687;27,91;15648;10750,176;300037,4122
Naples;2018-11-12 00:00:00;0,458;33,56;23874;10934,292;366954,8395
Milan;2018-11-13 00:00:00;0,632;46,93;35543;22463,176;1054196,85
Rome;2018-11-13 00:00:00;0,357;56,03;15901;5676,657;318063,0917
Naples;2018-11-13 00:00:00;0,739;20,73;24022;17752,258;368004,3083
Milan;2018-11-14 00:00:00;0,634;46,89;35632;22590,688;1059277,36
Rome;2018-11-14 00:00:00;0,539;36,65;15767;8498,413;311466,8365
Naples;2018-11-14 00:00:00;0,645;22,83;23866;15393,57;351435,2031
Milan;2018-11-15 00:00:00;0,706;44,08;35469;25041,114;1103812,305
Rome;2018-11-15 00:00:00;0,712;30,87;15638;11134,256;343714,4827
Naples;2018-11-15 00:00:00;0,726;21,4;24085;17485,71;374194,194
Milan;2018-11-16 00:00:00;0,46;66,17;35277;16227,42;1073768,381
Rome;2018-11-16 00:00:00;0,43;48,56;15581;6699,83;325343,7448
Naples;2018-11-16 00:00:00;0,438;38,84;24191;10595,658;411535,3567
Milan;2018-11-17 00:00:00;0,733;42,13;35388;25939,404;1092827,091
Rome;2018-11-17 00:00:00;0,432;43,81;15436;6668,352;292140,5011
Naples;2018-11-17 00:00:00;0,572;29,25;24126;13800,072;403652,106
Milan;2018-11-18 00:00:00;0,461;64,54;35635;16427,735;1060246,017
Rome;2018-11-18 00:00:00;0,713;28,41;15645;11154,885;316910,2829
Naples;2018-11-18 00:00:00;0,505;31,58;24378;12310,89;388777,9062
Milan;2018-11-19 00:00:00;0,573;49,59;35814;20521,422;1017657,317
Rome;2018-11-19 00:00:00;0,457;41,28;15739;7192,723;296915,6054
Naples;2018-11-19 00:00:00;0,457;37,33;24005;10970,285;409520,7391
Milan;2018-11-20 00:00:00;0,578;49,29;35585;20568,13;1013803,128
Rome;2018-11-20 00:00:00;0,692;32,3;15697;10862,324;350853,0652
Naples;2018-11-20 00:00:00;0,354;43,56;23816;8430,864;367248,4358
Milan;2018-11-21 00:00:00;0,398;70,35;35407;14091,986;991371,2151
Rome;2018-11-21 00:00:00;0,516;39,33;15663;8082,108;317869,3076
Naples;2018-11-21 00:00:00;0,737;24,14;23893;17609,141;425084,6637
Milan;2018-11-22 00:00:00;0,458;67,36;35391;16209,078;1091843,494
Rome;2018-11-22 00:00:00;0,5;40,64;15661;7830,5;318231,52
Naples;2018-11-22 00:00:00;0,619;25,54;23759;14706,821;375612,2083
Milan;2018-11-23 00:00:00;0,486;63,94;35549;17276,814;1104679,487
Rome;2018-11-23 00:00:00;0,364;58,22;15637;5691,868;331380,555
Naples;2018-11-23 00:00:00;0,698;23,18;23674;16524,452;383036,7974
Milan;2018-11-24 00:00:00;0,713;43,37;35459;25282,267;1096491,92
Rome;2018-11-24 00:00:00;0,607;32,45;15640;9493,48;308063,426
Naples;2018-11-24 00:00:00;0,696;26,29;23805;16568,28;435580,0812
Milan;2018-11-25 00:00:00;0,728;41,81;35367;25747,176;1076489,429
Rome;2018-11-25 00:00:00;0,733;28,82;15887;11645,171;335613,8282
Naples;2018-11-25 00:00:00;0,49;32,24;23963;11741,87;378557,8888
Milan;2018-11-26 00:00:00;0,524;56,8;35372;18534,928;1052783,91
Rome;2018-11-26 00:00:00;0,46;47,7;15803;7269,38;346749,426
Naples;2018-11-26 00:00:00;0,522;29,32;23768;12406,896;363770,1907
Milan;2018-11-27 00:00:00;0,613;48,18;35458;21735,754;1047228,628
Rome;2018-11-27 00:00:00;0,63;31,18;15604;9830,52;306515,6136
Naples;2018-11-27 00:00:00;0,423;38,3;23641;10000,143;383005,4769
Milan;2018-11-28 00:00:00;0,364;84,57;35468;12910,352;1091828,469
Rome;2018-11-28 00:00:00;0,679;28,41;15756;10698,324;303939,3848
Naples;2018-11-28 00:00:00;0,693;24,4;23784;16482,312;402168,4128
Milan;2018-11-29 00:00:00;0,744;41,71;35416;26349,504;1099037,812
Rome;2018-11-29 00:00:00;0,56;35,96;15647;8762,32;315093,0272
Naples;2018-11-29 00:00:00;0,707;23,15;23712;16764,384;388095,4896
Milan;2018-11-30 00:00:00;0,599;47,89;35590;21318,41;1020938,655
Rome;2018-11-30 00:00:00;0,368;52,61;15950;5869,6;308799,656
Naples;2018-11-30 00:00:00;0,492;31,36;23678;11649,576;365330,7034
Milan;2018-12-01 00:00:00;0,634;46,79;35710;22640,14;1059332,151
Rome;2018-12-01 00:00:00;0,387;57,5;15924;6162,588;354348,81
Naples;2018-12-01 00:00:00;0,47;33,85;24036;11296,92;382400,742
Milan;2018-12-02 00:00:00;0,409;72,34;35854;14664,286;1060814,449
Rome;2018-12-02 00:00:00;0,561;34,94;15990;8970,39;313425,4266
Naples;2018-12-02 00:00:00;0,524;29,77;24070;12612,68;375479,4836
Milan;2018-12-03 00:00:00;0,412;70,21;35824;14759,488;1036263,652
Rome;2018-12-03 00:00:00;0,704;27,64;15680;11038,72;305110,2208
Naples;2018-12-03 00:00:00;0,628;26,99;23870;14990,36;404589,8164
Milan;2018-12-04 00:00:00;0,552;55,61;35783;19752,216;1098420,732
Rome;2018-12-04 00:00:00;0,392;52,18;15816;6199,872;323509,321
Naples;2018-12-04 00:00:00;0,661;27,13;23978;15849,458;429995,7955
Milan;2018-12-05 00:00:00;0,552;52,32;35592;19646,784;1027919,739
Rome;2018-12-05 00:00:00;0,505;37,39;15668;7912,34;295842,3926
Naples;2018-12-05 00:00:00;0,46;37,57;24131;11100,26;417036,7682
Milan;2018-12-06 00:00:00;0,478;59,41;35529;16982,862;1008951,831
Rome;2018-12-06 00:00:00;0,654;32,23;15474;10119,996;326167,4711
Naples;2018-12-06 00:00:00;0,735;22,37;24017;17652,495;394886,3132
Milan;2018-12-07 00:00:00;0,359;79,39;35494;12742,346;1011614,849
Rome;2018-12-07 00:00:00;0,458;40,95;15251;6984,958;286034,0301
Naples;2018-12-07 00:00:00;0,461;29,86;23711;10930,771;326392,8221
Milan;2018-12-08 00:00:00;0,518;55,93;35754;18520,572;1035855,592
Rome;2018-12-08 00:00:00;0,48;39,21;15601;7488,48;293623,3008
Naples;2018-12-08 00:00:00;0,65;24,2;24050;15632,5;378306,5
Milan;2018-12-09 00:00:00;0,745;40,86;35873;26725,385;1091999,231
Rome;2018-12-09 00:00:00;0,743;28,47;15821;11755,003;334664,9354
Naples;2018-12-09 00:00:00;0,722;21,3;23869;17233,418;367071,8034
Milan;2018-12-10 00:00:00;0,534;57,78;35900;19170,6;1107677,268
Rome;2018-12-10 00:00:00;0,414;52,45;15677;6490,278;340415,0811
Naples;2018-12-10 00:00:00;0,481;32,42;23901;11496,381;372712,672
Milan;2018-12-11 00:00:00;0,457;68,48;35897;16404,929;1123409,538
Rome;2018-12-11 00:00:00;0,456;45,8;15800;7204,8;329979,84
Naples;2018-12-11 00:00:00;0,426;36,88;23971;10211,646;376605,5045
Milan;2018-12-12 00:00:00;0,632;50,98;36221;22891,672;1167017,439
Rome;2018-12-12 00:00:00;0,363;61,28;16034;5820,342;356670,5578
Naples;2018-12-12 00:00:00;0,358;47,03;24228;8673,624;407920,5367
Milan;2018-12-13 00:00:00;0,665;43,66;36292;24134,18;1053698,299
Rome;2018-12-13 00:00:00;0,68;30,42;15989;10872,52;330742,0584
Naples;2018-12-13 00:00:00;0,441;44,53;24628;10860,948;483638,0144
Milan;2018-12-14 00:00:00;0,714;43,89;36326;25936,764;1138364,572
Rome;2018-12-14 00:00:00;0,449;43,87;15927;7151,223;313724,153
Naples;2018-12-14 00:00:00;0,673;26,25;24847;16722,031;438953,3138
Milan;2018-12-15 00:00:00;0,62;47,87;36219;22455,78;1074958,189
Rome;2018-12-15 00:00:00;0,44;46,6;15982;7032,08;327694,928
Naples;2018-12-15 00:00:00;0,673;24,87;25178;16944,794;421417,0268
Milan;2018-12-16 00:00:00;0,638;48,43;36477;23272,326;1127078,748
Rome;2018-12-16 00:00:00;0,416;47,09;16287;6775,392;319053,2093
Naples;2018-12-16 00:00:00;0,551;32,97;25434;14014,134;462045,998
Milan;2018-12-17 00:00:00;0,373;88,18;36220;13510,06;1191317,091
Rome;2018-12-17 00:00:00;0,713;28,42;16379;11678,227;331895,2113
Naples;2018-12-17 00:00:00;0,473;35,48;25461;12043,053;427287,5204
Milan;2018-12-18 00:00:00;0,466;64,19;36232;16884,112;1083791,149
Rome;2018-12-18 00:00:00;0,693;31,39;16506;11438,658;359059,4746
Naples;2018-12-18 00:00:00;0,47;36,51;25313;11897,11;434363,4861
Milan;2018-12-19 00:00:00;0,37;86,14;36408;13470,96;1160388,494
Rome;2018-12-19 00:00:00;0,599;34,46;16264;9742,136;335714,0066
Naples;2018-12-19 00:00:00;0,563;29,8;25307;14247,841;424585,6618
Milan;2018-12-20 00:00:00;0,607;52,04;36423;22108,761;1150539,922
Rome;2018-12-20 00:00:00;0,707;29,35;16413;11603,991;340577,1359
Naples;2018-12-20 00:00:00;0,645;26,59;25227;16271,415;432656,9249
Milan;2018-12-21 00:00:00;0,632;47,59;36414;23013,648;1095219,508
Rome;2018-12-21 00:00:00;0,396;50,51;16232;6427,872;324671,8147
Naples;2018-12-21 00:00:00;0,638;26,79;25147;16043,786;429813,0269
Milan;2018-12-22 00:00:00;0,65;46,17;36597;23788,05;1098294,269
Rome;2018-12-22 00:00:00;0,699;30,3;16309;11399,991;345419,7273
Naples;2018-12-22 00:00:00;0,738;21,95;25110;18531,18;406759,401
Milan;2018-12-23 00:00:00;0,563;52,05;36695;20659,285;1075315,784
Rome;2018-12-23 00:00:00;0,709;30,87;16678;11824,702;365028,5507
Naples;2018-12-23 00:00:00;0,373;49;25256;9420,488;461603,912
Milan;2018-12-24 00:00:00;0,705;43,41;36589;25795,245;1119771,585
Rome;2018-12-24 00:00:00;0,567;37,32;16409;9303,903;347221,66
Naples;2018-12-24 00:00:00;0,547;28,85;25115;13737,905;396338,5593
Milan;2018-12-25 00:00:00;0,398;81,89;36723;14615,754;1196884,095
Rome;2018-12-25 00:00:00;0,649;33,1;16528;10726,672;355052,8432
Naples;2018-12-25 00:00:00;0,382;44,91;25390;9698,98;435581,1918
Milan;2018-12-26 00:00:00;0,439;67,48;36602;16068,278;1084287,399
Rome;2018-12-26 00:00:00;0,592;34,33;16495;9765,04;335233,8232
Naples;2018-12-26 00:00:00;0,623;27,42;25638;15972,474;437965,2371
Milan;2018-12-27 00:00:00;0,377;80,94;36485;13754,845;1113317,154
Rome;2018-12-27 00:00:00;0,54;40,52;16597;8962,38;363155,6376
Naples;2018-12-27 00:00:00;0,609;26,42;25534;15550,206;410836,4425
Milan;2018-12-28 00:00:00;0,546;57,23;36730;20054,58;1147723,613
Rome;2018-12-28 00:00:00;0,473;43,71;16199;7662,127;334911,5712
Naples;2018-12-28 00:00:00;0,666;25,3;25564;17025,624;430748,2872
Milan;2018-12-29 00:00:00;0,601;51,72;36791;22111,391;1143601,143
Rome;2018-12-29 00:00:00;0,676;30,62;16323;11034,348;337871,7358
Naples;2018-12-29 00:00:00;0,473;39,63;25479;12051,567;477603,6002
Milan;2018-12-30 00:00:00;0,612;47,19;36897;22580,964;1065595,691
Rome;2018-12-30 00:00:00;0,698;31,9;16143;11267,814;359443,2666
Naples;2018-12-30 00:00:00;0,618;27,36;25687;15874,566;434328,1258
Milan;2018-12-31 00:00:00;0,534;63,33;37142;19833,828;1256076,327
Rome;2018-12-31 00:00:00;0,708;30,31;16347;11573,676;350798,1196
Naples;2018-12-31 00:00:00;0,738;22,78;25726;18985,788;432496,2506
Milan;2019-01-01 00:00:00;0,438;65,66;36428;15955,464;1047635,766
Rome;2019-01-01 00:00:00;0,456;47,27;16202;7388,112;349236,0542
Naples;2019-01-01 00:00:00;0,547;28,02;25561;13981,867;391771,9133
Milan;2019-01-02 00:00:00;0,429;70,11;36114;15492,906;1086207,64
Rome;2019-01-02 00:00:00;0,538;39,29;16092;8657,496;340153,0178
Naples;2019-01-02 00:00:00;0,728;21,04;25620;18651,36;392424,6144
Milan;2019-01-03 00:00:00;0,673;41,85;36106;24299,338;1016927,295
Rome;2019-01-03 00:00:00;0,612;29,85;16029;9809,748;292820,9778
Naples;2019-01-03 00:00:00;0,716;21,08;25115;17982,34;379067,7272
Milan;2019-01-04 00:00:00;0,723;39,57;36021;26043,183;1030528,751
Rome;2019-01-04 00:00:00;0,4;53,13;15978;6391,2;339564,456
Naples;2019-01-04 00:00:00;0,36;49,1;24782;8921,52;438046,632
Milan;2019-01-05 00:00:00;0,727;40,09;35866;26074,582;1045329,992
Rome;2019-01-05 00:00:00;0,518;40,98;15889;8230,502;337285,972
Naples;2019-01-05 00:00:00;0,365;44,48;24982;9118,43;405587,7664
Milan;2019-01-06 00:00:00;0,394;72,71;35987;14178,878;1030946,219
Rome;2019-01-06 00:00:00;0,616;33,42;16058;9891,728;330581,5498
Naples;2019-01-06 00:00:00;0,589;26,66;24951;14696,139;391799,0657
Milan;2019-01-07 00:00:00;0,414;73,3;36034;14918,076;1093494,971
Rome;2019-01-07 00:00:00;0,72;27,65;16005;11523,6;318627,54
Naples;2019-01-07 00:00:00;0,449;36,43;24660;11072,34;403365,3462
Milan;2019-01-08 00:00:00;0,446;67,7;35818;15974,828;1081495,856
Rome;2019-01-08 00:00:00;0,355;56,35;15990;5676,45;319867,9575
Naples;2019-01-08 00:00:00;0,358;44,61;24764;8865,512;395490,4903
Milan;2019-01-09 00:00:00;0,623;47,27;35875;22350,125;1056490,409
Rome;2019-01-09 00:00:00;0,439;45,74;15942;6998,538;320113,1281
Naples;2019-01-09 00:00:00;0,721;22,91;24910;17960,11;411466,1201
Milan;2019-01-10 00:00:00;0,746;39,91;36046;26890,316;1073192,512
Rome;2019-01-10 00:00:00;0,702;26,79;15732;11043,864;295865,1166
Naples;2019-01-10 00:00:00;0,434;34,83;24524;10643,416;370710,1793
Milan;2019-01-11 00:00:00;0,569;54,14;36124;20554,556;1112823,662
Rome;2019-01-11 00:00:00;0,487;43,14;16046;7814,402;337113,3023
Naples;2019-01-11 00:00:00;0,441;39,82;24844;10956,204;436276,0433
Milan;2019-01-12 00:00:00;0,704;44,85;35945;25305,28;1134941,808
Rome;2019-01-12 00:00:00;0,729;27,44;16207;11814,903;324200,9383
Naples;2019-01-12 00:00:00;0,652;23,85;24610;16045,72;382690,422
Milan;2019-01-13 00:00:00;0,656;45,26;35942;23577,952;1067138,108
Rome;2019-01-13 00:00:00;0,351;59,42;16485;5786,235;343818,0837
Naples;2019-01-13 00:00:00;0,525;29,22;24995;13122,375;383435,7975
Milan;2019-01-14 00:00:00;0,452;64,97;35770;16168,04;1050437,559
Rome;2019-01-14 00:00:00;0,426;47,43;16174;6890,124;326798,5813
Naples;2019-01-14 00:00:00;0,371;47,29;24772;9190,412;434614,5835
Milan;2019-01-15 00:00:00;0,368;78,36;35813;13179,184;1032720,858
Rome;2019-01-15 00:00:00;0,673;28,25;15991;10761,943;304024,8898
Naples;2019-01-15 00:00:00;0,672;22,66;24339;16355,808;370622,6093
Milan;2019-01-16 00:00:00;0,612;46,55;36060;22068,72;1027298,916
Rome;2019-01-16 00:00:00;0,358;50,89;15672;5610,576;285522,2126
Naples;2019-01-16 00:00:00;0,486;31,5;24435;11875,41;374075,415
Milan;2019-01-17 00:00:00;0,747;40,82;36179;27025,713;1103189,605
Rome;2019-01-17 00:00:00;0,453;42,9;15599;7066,347;303146,2863
Naples;2019-01-17 00:00:00;0,432;35,01;24420;10549,44;369335,8944
Milan;2019-01-18 00:00:00;0,695;41,07;36379;25283,405;1038389,443
Rome;2019-01-18 00:00:00;0,506;41,19;15584;7885,504;324803,9098
Naples;2019-01-18 00:00:00;0,466;32,79;24172;11264,152;369351,5441
Milan;2019-01-19 00:00:00;0,41;72,16;36258;14865,78;1072714,685
Rome;2019-01-19 00:00:00;0,61;33,72;15855;9671,55;326124,666
Naples;2019-01-19 00:00:00;0,386;46,44;24355;9401,03;436583,8332
Milan;2019-01-20 00:00:00;0,557;54,72;36356;20250,292;1108095,978
Rome;2019-01-20 00:00:00;0,747;27,72;16179;12085,713;335015,9644
Naples;2019-01-20 00:00:00;0,542;28,34;24626;13347,292;378262,2553
Milan;2019-01-21 00:00:00;0,42;71,41;36104;15163,68;1082838,389
Rome;2019-01-21 00:00:00;0,574;38,8;16205;9301,67;360904,796
Naples;2019-01-21 00:00:00;0,677;24,37;24627;16672,479;406308,3132
Milan;2019-01-22 00:00:00;0,481;63,33;35844;17240,964;1091870,25
Rome;2019-01-22 00:00:00;0,377;49,12;16159;6091,943;299236,2402
Naples;2019-01-22 00:00:00;0,713;23,96;24659;17581,867;421261,5333
Milan;2019-01-23 00:00:00;0,376;77,88;35885;13492,76;1050816,149
Rome;2019-01-23 00:00:00;0,664;28,03;16097;10688,408;299596,0762
Naples;2019-01-23 00:00:00;0,737;22,72;24174;17816,238;404784,9274
Milan;2019-01-24 00:00:00;0,588;48,3;35762;21028,056;1015655,105
Rome;2019-01-24 00:00:00;0,357;58,22;16169;5772,333;336065,2273
Naples;2019-01-24 00:00:00;0,648;25,17;24202;15682,896;394738,4923
Milan;2019-01-25 00:00:00;0,553;52,46;35921;19864,313;1042081,86
Rome;2019-01-25 00:00:00;0,614;31,3;15922;9776,108;305992,1804
Naples;2019-01-25 00:00:00;0,402;42,61;24026;9658,452;411546,6397
Milan;2019-01-26 00:00:00;0,508;55,59;35888;18231,104;1013467,071
Rome;2019-01-26 00:00:00;0,448;44,62;15792;7074,816;315678,2899
Naples;2019-01-26 00:00:00;0,722;22,31;24124;17417,528;388585,0497
Milan;2019-01-27 00:00:00;0,693;42,41;35994;24943,842;1057868,339
Rome;2019-01-27 00:00:00;0,432;49,85;15904;6870,528;342495,8208
Naples;2019-01-27 00:00:00;0,581;31,02;24401;14176,981;439769,9506
Milan;2019-01-28 00:00:00;0,464;67,07;35980;16694,72;1119714,87
Rome;2019-01-28 00:00:00;0,394;47,43;15849;6244,506;296176,9196
Naples;2019-01-28 00:00:00;0,557;30,63;24569;13684,933;419169,4978
Milan;2019-01-29 00:00:00;0,559;52,05;35972;20108,348;1046639,513
Rome;2019-01-29 00:00:00;0,448;39,37;16170;7244,16;285202,5792
Naples;2019-01-29 00:00:00;0,47;32,74;24540;11533,8;377616,612
Milan;2019-01-30 00:00:00;0,471;66,34;36111;17008,281;1128329,362
Rome;2019-01-30 00:00:00;0,651;31,27;16293;10606,743;331672,8536
Naples;2019-01-30 00:00:00;0,448;37,56;24384;10924,032;410306,6419
Milan;2019-01-31 00:00:00;0,467;63,72;35961;16793,787;1070100,108
Rome;2019-01-31 00:00:00;0,524;37,36;15912;8337,888;311503,4957
Naples;2019-01-31 00:00:00;0,509;32,79;24240;12338,16;404568,2664
Milan;2019-02-01 00:00:00;0,746;39,08;36141;26961,186;1053643,149
Rome;2019-02-01 00:00:00;0,672;29,62;15999;10751,328;318454,3354
Naples;2019-02-01 00:00:00;0,529;30,05;24098;12747,842;383072,6521
Milan;2019-02-02 00:00:00;0,586;51,7;36209;21218,474;1096995,106
Rome;2019-02-02 00:00:00;0,634;34,02;16220;10283,48;349843,9896
Naples;2019-02-02 00:00:00;0,748;21,66;24310;18183,88;393862,8408
Milan;2019-02-03 00:00:00;0,649;46,02;36485;23678,765;1089696,765
Rome;2019-02-03 00:00:00;0,42;44,65;15960;6703,2;299297,88
Naples;2019-02-03 00:00:00;0,548;25,09;24934;13663,832;342825,5449
Milan;2019-02-04 00:00:00;0,627;50,12;36348;22790,196;1142244,624
Rome;2019-02-04 00:00:00;0,586;36,17;16111;9441,046;341482,6338
Naples;2019-02-04 00:00:00;0,529;31,7;24735;13084,815;414788,6355
Milan;2019-02-05 00:00:00;0,666;45,91;36157;24080,562;1105538,601
Rome;2019-02-05 00:00:00;0,703;29,23;15982;11235,346;328409,1636
Naples;2019-02-05 00:00:00;0,374;37,31;24526;9172,724;342234,3324
Milan;2019-02-06 00:00:00;0,673;43,64;35971;24208,483;1056458,198
Rome;2019-02-06 00:00:00;0,515;38,21;15959;8218,885;314043,5959
Naples;2019-02-06 00:00:00;0,581;26,13;24354;14149,674;369730,9816
Milan;2019-02-07 00:00:00;0,716;42,78;36008;25781,728;1102942,324
Rome;2019-02-07 00:00:00;0,458;46,23;16039;7345,862;339599,2003
Naples;2019-02-07 00:00:00;0,631;26,36;24238;15294,178;403154,5321
Milan;2019-02-08 00:00:00;0,727;41,7;36023;26188,721;1092069,666
Rome;2019-02-08 00:00:00;0,571;35,01;16133;9211,943;322510,1244
Naples;2019-02-08 00:00:00;0,35;48,89;24343;8520,05;416545,2445
Milan;2019-02-09 00:00:00;0,654;47,43;36017;23555,118;1117219,247
Rome;2019-02-09 00:00:00;0,72;27,51;16070;11570,4;318301,704
Naples;2019-02-09 00:00:00;0,48;32,03;24327;11676,96;374013,0288
Milan;2019-02-10 00:00:00;0,642;45,7;36023;23126,766;1056893,206
Rome;2019-02-10 00:00:00;0,513;38,43;16294;8358,822;321229,5295
Naples;2019-02-10 00:00:00;0,484;33,53;24424;11821,216;396365,3725
Milan;2019-02-11 00:00:00;0,369;80,52;36064;13307,616;1071529,24
Rome;2019-02-11 00:00:00;0,473;40,82;16226;7674,898;313289,3364
Naples;2019-02-11 00:00:00;0,739;22,41;24408;18037,512;404220,6439
Milan;2019-02-12 00:00:00;0,733;41,59;36189;26526,537;1103238,674
Rome;2019-02-12 00:00:00;0,666;29,66;15987;10647,342;315800,1637
Naples;2019-02-12 00:00:00;0,38;43,34;24236;9209,68;399147,5312
Milan;2019-02-13 00:00:00;0,659;47,4;36487;24044,933;1139729,824
Rome;2019-02-13 00:00:00;0,501;43,79;16076;8054,076;352687,988
Naples;2019-02-13 00:00:00;0,565;29,6;24226;13687,69;405155,624
Milan;2019-02-14 00:00:00;0,597;52,54;36206;21614,982;1135651,154
Rome;2019-02-14 00:00:00;0,543;37,01;16298;8849,814;327531,6161
Naples;2019-02-14 00:00:00;0,363;42,02;24054;8731,602;366901,916
Milan;2019-02-15 00:00:00;0,629;48,15;36395;22892,455;1102271,708
Rome;2019-02-15 00:00:00;0,587;33,21;16312;9575,144;317990,5322
Naples;2019-02-15 00:00:00;0,449;37,29;23996;10774,204;401770,0672
Milan;2019-02-16 00:00:00;0,425;72,83;36277;15417,725;1122872,912
Rome;2019-02-16 00:00:00;0,391;45,85;16227;6344,757;290907,1085
Naples;2019-02-16 00:00:00;0,685;23,98;23811;16310,535;391126,6293
Milan;2019-02-17 00:00:00;0,577;53,37;36115;20838,355;1112143,006
Rome;2019-02-17 00:00:00;0,471;42,96;16129;7596,759;326356,7666
Naples;2019-02-17 00:00:00;0,611;26,66;24044;14690,884;391658,9674
Milan;2019-02-18 00:00:00;0,526;58,22;35912;18889,712;1099759,033
Rome;2019-02-18 00:00:00;0,496;40,76;16024;7947,904;323956,567
Naples;2019-02-18 00:00:00;0,589;26,98;24029;14153,081;381850,1254
Milan;2019-02-19 00:00:00;0,427;69,86;36080;15406,16;1076274,338
Rome;2019-02-19 00:00:00;0,375;49,2;15828;5935,5;292026,6
Naples;2019-02-19 00:00:00;0,559;26,75;24421;13651,339;365173,3183
Milan;2019-02-20 00:00:00;0,49;61,4;36143;17710,07;1087398,298
Rome;2019-02-20 00:00:00;0,441;44,45;15809;6971,769;309895,1321
Naples;2019-02-20 00:00:00;0,747;21,66;24541;18332,127;397073,8708
Milan;2019-02-21 00:00:00;0,484;64,95;36253;17546,452;1139642,057
Rome;2019-02-21 00:00:00;0,463;40,97;15783;7307,529;299389,4631
Naples;2019-02-21 00:00:00;0,637;27,45;24572;15652,364;429657,3918
Milan;2019-02-22 00:00:00;0,4;72,02;36213;14485,2;1043224,104
Rome;2019-02-22 00:00:00;0,681;29,08;16141;10992,021;319647,9707
Naples;2019-02-22 00:00:00;0,49;34,84;24469;11989,81;417724,9804
Milan;2019-02-23 00:00:00;0,713;43,74;36175;25792,775;1128175,979
Rome;2019-02-23 00:00:00;0,549;39,59;16253;8922,897;353257,4922
Naples;2019-02-23 00:00:00;0,536;31,19;24707;13242,952;413047,6729
Milan;2019-02-24 00:00:00;0,445;67,36;36196;16107,22;1084982,339
Rome;2019-02-24 00:00:00;0,401;54,31;16349;6555,949;356053,5902
Naples;2019-02-24 00:00:00;0,749;20,7;24624;18443,376;381777,8832
Milan;2019-02-25 00:00:00;0,55;55,19;36057;19831,35;1094492,207
Rome;2019-02-25 00:00:00;0,561;38,03;15952;8949,072;340333,2082
Naples;2019-02-25 00:00:00;0,531;33,96;24363;12936,753;439332,1319
Milan;2019-02-26 00:00:00;0,535;55,08;36103;19315,105;1063875,983
Rome;2019-02-26 00:00:00;0,577;33,72;16317;9414,909;317470,7315
Naples;2019-02-26 00:00:00;0,611;25,36;24617;15040,987;381439,4303
Milan;2019-02-27 00:00:00;0,53;59,34;36114;19140,42;1135792,523
Rome;2019-02-27 00:00:00;0,439;48,42;16403;7200,917;348668,4011
Naples;2019-02-27 00:00:00;0,481;33,19;24646;11854,726;393458,3559
Milan;2019-02-28 00:00:00;0,529;54,91;36189;19143,981;1051195,997
Rome;2019-02-28 00:00:00;0,63;31,98;16074;10126,62;323849,3076
Naples;2019-02-28 00:00:00;0,382;43,15;24688;9430,816;406939,7104
Milan;2019-03-01 00:00:00;0,565;51,66;36157;20428,705;1055346,9
Rome;2019-03-01 00:00:00;0,546;39,67;16223;8857,758;351387,2599
Naples;2019-03-01 00:00:00;0,547;30,31;24586;13448,542;407625,308
Milan;2019-03-02 00:00:00;0,705;42,65;36177;25504,785;1087779,08
Rome;2019-03-02 00:00:00;0,641;33,63;15919;10204,079;343163,1768
Naples;2019-03-02 00:00:00;0,582;27,46;24518;14269,476;391839,811
Milan;2019-03-03 00:00:00;0,54;51,28;36220;19558,8;1002975,264
Rome;2019-03-03 00:00:00;0,405;49,06;15989;6475,545;317690,2377
Naples;2019-03-03 00:00:00;0,696;24,24;24607;17126,472;415145,6813
Milan;2019-03-04 00:00:00;0,374;80,2;36239;13553,386;1086981,557
Rome;2019-03-04 00:00:00;0,458;41,94;16064;7357,312;308565,6653
Naples;2019-03-04 00:00:00;0,552;28,79;24401;13469,352;387782,6441
Milan;2019-03-05 00:00:00;0,385;77,04;36194;13934,69;1073528,518
Rome;2019-03-05 00:00:00;0,435;48,69;15976;6949,56;338374,0764
Naples;2019-03-05 00:00:00;0,722;19,63;24368;17593,696;345364,2525
Milan;2019-03-06 00:00:00;0,427;74,62;36053;15394,631;1148747,365
Rome;2019-03-06 00:00:00;0,613;30,07;15843;9711,759;292032,5931
Naples;2019-03-06 00:00:00;0,615;25,71;24471;15049,665;386926,8872
Milan;2019-03-07 00:00:00;0,455;67,5;36046;16400,93;1107062,775
Rome;2019-03-07 00:00:00;0,541;38,42;15955;8631,655;331628,1851
Naples;2019-03-07 00:00:00;0,464;32,55;24318;11283,552;367279,6176
Milan;2019-03-08 00:00:00;0,436;68,63;35841;15626,676;1072458,774
Rome;2019-03-08 00:00:00;0,718;29,03;16176;11614,368;337165,103
Naples;2019-03-08 00:00:00;0,659;24,04;24412;16087,508;386743,6923
Milan;2019-03-09 00:00:00;0,483;63,91;35960;17368,68;1110032,339
Rome;2019-03-09 00:00:00;0,384;54,13;16308;6262,272;338976,7834
Naples;2019-03-09 00:00:00;0,679;21,97;24879;16892,841;371135,7168
Milan;2019-03-10 00:00:00;0,477;63,73;36371;17348,967;1105649,667
Rome;2019-03-10 00:00:00;0,479;42,88;16403;7857,037;336909,7466
Naples;2019-03-10 00:00:00;0,371;42,63;25273;9376,283;399710,9443
Milan;2019-03-11 00:00:00;0,564;53,11;36416;20538,624;1090806,321
Rome;2019-03-11 00:00:00;0,614;32,68;16312;10015,568;327308,7622
Naples;2019-03-11 00:00:00;0,662;22,83;25273;16730,726;381962,4746
Milan;2019-03-12 00:00:00;0,541;56,41;36525;19760,025;1114663,01
Rome;2019-03-12 00:00:00;0,404;54,51;16083;6497,532;354180,4693
Naples;2019-03-12 00:00:00;0,603;27,23;25085;15126,255;411887,9237
Milan;2019-03-13 00:00:00;0,523;56;36493;19085,839;1068806,984
Rome;2019-03-13 00:00:00;0,429;44,09;16180;6941,22;306038,3898
Naples;2019-03-13 00:00:00;0,486;34,37;24900;12101,4;415925,118
Milan;2019-03-14 00:00:00;0,478;64,29;36215;17310,77;1112909,403
Rome;2019-03-14 00:00:00;0,643;30,16;16205;10419,815;314261,6204
Naples;2019-03-14 00:00:00;0,684;23,47;24921;17045,964;400068,7751
Milan;2019-03-15 00:00:00;0,405;79,3;36184;14654,52;1162103,436
Rome;2019-03-15 00:00:00;0,509;41,07;16263;8277,867;339971,9977
Naples;2019-03-15 00:00:00;0,41;38,71;24748;10146,68;392777,9828
Milan;2019-03-16 00:00:00;0,649;47,88;36320;23571,68;1128612,038
Rome;2019-03-16 00:00:00;0,712;29,75;16101;11463,912;341051,382
Naples;2019-03-16 00:00:00;0,685;21,36;24862;17030,47;363770,8392
Milan;2019-03-17 00:00:00;0,417;75,02;36352;15158,784;1137211,976
Rome;2019-03-17 00:00:00;0,571;35,54;16476;9407,796;334353,0698
Naples;2019-03-17 00:00:00;0,362;46,62;25035;9062,67;422501,6754
Milan;2019-03-18 00:00:00;0,432;74,18;36297;15680,304;1163164,951
Rome;2019-03-18 00:00:00;0,382;46,32;16308;6229,656;288557,6659
Naples;2019-03-18 00:00:00;0,411;42,99;24753;10173,483;437358,0342
Milan;2019-03-19 00:00:00;0,677;45,81;36294;24571,038;1125599,251
Rome;2019-03-19 00:00:00;0,664;30,07;16256;10793,984;324575,0989
Naples;2019-03-19 00:00:00;0,512;30,79;24762;12678,144;390360,0538
Milan;2019-03-20 00:00:00;0,512;58,24;36325;18598,4;1083170,816
Rome;2019-03-20 00:00:00;0,73;28,13;16196;11823,08;332583,2404
Naples;2019-03-20 00:00:00;0,522;30,46;24779;12934,638;393989,0735
Milan;2019-03-21 00:00:00;0,482;60,02;36335;17513,47;1051158,469
Rome;2019-03-21 00:00:00;0,567;35,4;16252;9214,884;326206,8936
Naples;2019-03-21 00:00:00;0,727;23,35;24903;18104,481;422739,6314
Milan;2019-03-22 00:00:00;0,689;42,14;36237;24967,293;1052121,727
Rome;2019-03-22 00:00:00;0,403;47,98;16228;6539,884;313783,6343
Naples;2019-03-22 00:00:00;0,369;45,1;24980;9217,62;415714,662
Milan;2019-03-23 00:00:00;0,442;67,9;35933;15882,386;1078414,009
Rome;2019-03-23 00:00:00;0,586;32,05;16120;9446,32;302754,556
Naples;2019-03-23 00:00:00;0,681;24,02;25382;17285,142;415189,1108
Milan;2019-03-24 00:00:00;0,432;68,22;36226;15649,632;1067617,895
Rome;2019-03-24 00:00:00;0,57;33,45;16173;9218,61;308362,5045
Naples;2019-03-24 00:00:00;0,382;40,48;25741;9833,062;398042,3498
Milan;2019-03-25 00:00:00;0,356;82,61;36099;12851,244;1061641,267
Rome;2019-03-25 00:00:00;0,69;29,3;16071;11088,99;324907,407
Naples;2019-03-25 00:00:00;0,375;39,25;25690;9633,75;378124,6875
Milan;2019-03-26 00:00:00;0,518;61,65;36008;18652,144;1149904,678
Rome;2019-03-26 00:00:00;0,515;37,91;16090;8286,35;314135,5285
Naples;2019-03-26 00:00:00;0,701;22,21;25595;17942,095;398493,93
Milan;2019-03-27 00:00:00;0,744;40,97;36051;26821,944;1098895,046
Rome;2019-03-27 00:00:00;0,58;36,08;15991;9274,78;334634,0624
Naples;2019-03-27 00:00:00;0,5;33,61;25511;12755,5;428712,355
Milan;2019-03-28 00:00:00;0,382;77,93;36126;13800,132;1075444,287
Rome;2019-03-28 00:00:00;0,739;27,51;15932;11773,748;323895,8075
Naples;2019-03-28 00:00:00;0,686;23,91;25178;17272,108;412976,1023
Milan;2019-03-29 00:00:00;0,717;43,54;36146;25916,682;1128412,334
Rome;2019-03-29 00:00:00;0,61;33,13;15706;9580,66;317407,2658
Naples;2019-03-29 00:00:00;0,725;21,26;25246;18303,35;389129,221
Milan;2019-03-30 00:00:00;0,528;57,75;36289;19160,592;1106524,188
Rome;2019-03-30 00:00:00;0,568;34,74;15732;8935,776;310428,8582
Naples;2019-03-30 00:00:00;0,492;32,94;25084;12341,328;406523,3443
Milan;2019-03-31 00:00:00;0,373;79,15;36482;13607,786;1077056,262
Rome;2019-03-31 00:00:00;0,471;48,17;16163;7612,773;366707,2754
Naples;2019-03-31 00:00:00;0,498;33,74;25314;12606,372;425338,9913
Milan;2019-04-01 00:00:00;0,402;76,08;36254;14574,108;1108798,137
Rome;2019-04-01 00:00:00;0,514;40,08;16196;8324,744;333655,7395
Naples;2019-04-01 00:00:00;0,725;22,35;24941;18082,225;404137,7288
Milan;2019-04-02 00:00:00;0,606;50,49;36124;21891,144;1105283,861
Rome;2019-04-02 00:00:00;0,727;28,29;16538;12023,126;340134,2345
Naples;2019-04-02 00:00:00;0,518;30,83;24962;12930,316;398641,6423
Milan;2019-04-03 00:00:00;0,405;74,78;36079;14611,995;1092684,986
Rome;2019-04-03 00:00:00;0,539;37,83;16501;8894,039;336461,4954
Naples;2019-04-03 00:00:00;0,562;29,14;25329;14234,898;414804,9277
Milan;2019-04-04 00:00:00;0,411;68,61;36115;14843,265;1018396,412
Rome;2019-04-04 00:00:00;0,682;29,35;16283;11105,006;325931,9261
Naples;2019-04-04 00:00:00;0,382;42,35;25256;9647,792;408583,9912
Milan;2019-04-05 00:00:00;0,615;50,48;36090;22195,35;1120421,268
Rome;2019-04-05 00:00:00;0,525;38,24;16398;8608,95;329206,248
Naples;2019-04-05 00:00:00;0,362;41,35;24812;8981,944;371403,3844
Milan;2019-04-06 00:00:00;0,676;45,33;36248;24503,648;1110750,364
Rome;2019-04-06 00:00:00;0,371;57,16;16234;6022,814;344264,0482
Naples;2019-04-06 00:00:00;0,674;21,35;25138;16943,012;361733,3062
Milan;2019-04-07 00:00:00;0,543;60,38;36553;19848,279;1198439,086
Rome;2019-04-07 00:00:00;0,434;46,42;16380;7108,92;329996,0664
Naples;2019-04-07 00:00:00;0,622;24,97;25437;15821,814;395070,6956
Milan;2019-04-08 00:00:00;0,4;78,88;36431;14572,4;1149470,912
Rome;2019-04-08 00:00:00;0,424;43,97;16507;6998,968;307744,623
Naples;2019-04-08 00:00:00;0,452;35,7;25439;11498,428;410493,8796
Milan;2019-04-09 00:00:00;0,593;50,83;36401;21585,793;1097205,858
Rome;2019-04-09 00:00:00;0,504;40,49;16389;8260,056;334449,6674
Naples;2019-04-09 00:00:00;0,405;38,58;25349;10266,345;396075,5901
Milan;2019-04-10 00:00:00;0,732;41,58;36397;26642,604;1107799,474
Rome;2019-04-10 00:00:00;0,662;31,87;16277;10775,374;343411,1694
Naples;2019-04-10 00:00:00;0,459;33,42;25215;11573,685;386792,5527
Milan;2019-04-11 00:00:00;0,656;45,27;36423;23893,488;1081658,202
Rome;2019-04-11 00:00:00;0,638;30,06;16546;10556,348;317323,8209
Naples;2019-04-11 00:00:00;0,581;24,23;25038;14547,078;352475,6999
Milan;2019-04-12 00:00:00;0,709;42,88;36499;25877,791;1109639,678
Rome;2019-04-12 00:00:00;0,537;39,52;16461;8839,557;349339,2926
Naples;2019-04-12 00:00:00;0,614;26,54;24871;15270,794;405286,8728
Milan;2019-04-13 00:00:00;0,606;49,57;36533;22138,998;1097430,131
Rome;2019-04-13 00:00:00;0,507;36,82;16502;8366,514;308055,0455
Naples;2019-04-13 00:00:00;0,581;26,38;25142;14607,502;385345,9028
Milan;2019-04-14 00:00:00;0,581;52,24;36634;21284,354;1111894,653
Rome;2019-04-14 00:00:00;0,437;46,5;16426;7178,162;333784,533
Naples;2019-04-14 00:00:00;0,656;23,42;25644;16822,464;393982,1069
Milan;2019-04-15 00:00:00;0,555;54,78;36448;20228,64;1108124,899
Rome;2019-04-15 00:00:00;0,508;39,19;16394;8328,152;326380,2769
Naples;2019-04-15 00:00:00;0,649;25,13;25324;16435,276;413018,4859
Milan;2019-04-16 00:00:00;0,42;74,42;36245;15222,9;1132888,218
Rome;2019-04-16 00:00:00;0,595;33,79;16336;9719,92;328436,0968
Naples;2019-04-16 00:00:00;0,468;35,33;25315;11847,42;418569,3486
Milan;2019-04-17 00:00:00;0,547;55,32;36141;19769,127;1093628,106
Rome;2019-04-17 00:00:00;0,528;35,48;16173;8539,344;302975,9251
Naples;2019-04-17 00:00:00;0,431;39,65;25317;10911,627;432646,0106
Milan;2019-04-18 00:00:00;0,388;73,98;36073;13996,324;1035448,05
Rome;2019-04-18 00:00:00;0,738;27,38;16553;12216,114;334477,2013
Naples;2019-04-18 00:00:00;0,358;43,44;25165;9009,07;391354,0008
Milan;2019-04-19 00:00:00;0,4;73,86;36071;14428,4;1065681,624
Rome;2019-04-19 00:00:00;0,444;45,98;16368;7267,392;334154,6842
Naples;2019-04-19 00:00:00;0,384;40,72;25278;9706,752;395258,9414
Milan;2019-04-20 00:00:00;0,437;69,39;36265;15847,805;1099679,189
Rome;2019-04-20 00:00:00;0,513;40,69;16096;8257,248;335987,4211
Naples;2019-04-20 00:00:00;0,359;38,23;25414;9123,626;348796,222
Milan;2019-04-21 00:00:00;0,576;55,7;36385;20957,76;1167347,232
Rome;2019-04-21 00:00:00;0,549;38,15;16418;9013,482;343864,3383
Naples;2019-04-21 00:00:00;0,535;30,35;25600;13696;415673,6
Milan;2019-04-22 00:00:00;0,701;42,92;36228;25395,828;1089988,938
Rome;2019-04-22 00:00:00;0,647;29,78;16543;10703,321;318744,8994
Naples;2019-04-22 00:00:00;0,745;22,05;25661;19117,445;421539,6623
Milan;2019-04-23 00:00:00;0,531;58,38;36283;19266,273;1124765,018
Rome;2019-04-23 00:00:00;0,461;43,98;16458;7587,138;333682,3292
Naples;2019-04-23 00:00:00;0,526;28,98;25571;13450,346;389791,0271
Milan;2019-04-24 00:00:00;0,359;83,85;36458;13088,422;1097464,185
Rome;2019-04-24 00:00:00;0,377;57,66;16280;6137,56;353891,7096
Naples;2019-04-24 00:00:00;0,456;33,57;25300;11536,8;387290,376
Milan;2019-04-25 00:00:00;0,538;54,65;36644;19714,472;1077395,895
Rome;2019-04-25 00:00:00;0,392;54,46;16249;6369,608;346888,8517
Naples;2019-04-25 00:00:00;0,566;29,97;25316;14328,856;429435,8143
Milan;2019-04-26 00:00:00;0,59;53,24;36531;21553,29;1147497,16
Rome;2019-04-26 00:00:00;0,549;39,52;16421;9015,129;356277,8981
Naples;2019-04-26 00:00:00;0,645;26,83;25312;16326,24;438033,0192
Milan;2019-04-27 00:00:00;0,441;71,34;36537;16112,817;1149488,365
Rome;2019-04-27 00:00:00;0,584;33,19;16458;9611,472;319004,7557
Naples;2019-04-27 00:00:00;0,43;35,48;25507;10968,01;389144,9948
Milan;2019-04-28 00:00:00;0,596;50,51;36712;21880,352;1105176,58
Rome;2019-04-28 00:00:00;0,737;27,53;16487;12150,919;334514,8001
Naples;2019-04-28 00:00:00;0,727;21,95;25776;18739,152;411324,3864
Milan;2019-04-29 00:00:00;0,361;83,86;36425;13149,425;1102710,781
Rome;2019-04-29 00:00:00;0,402;53,66;16345;6570,69;352583,2254
Naples;2019-04-29 00:00:00;0,503;30,33;25439;12795,817;388097,1296
Milan;2019-04-30 00:00:00;0,698;42,23;36459;25448,382;1074685,172
Rome;2019-04-30 00:00:00;0,622;32,85;16436;10223,192;335831,8572
Naples;2019-04-30 00:00:00;0,369;42,33;25471;9398,799;397851,1617
Milan;2019-05-01 00:00:00;0,463;63,07;36521;16909,223;1066464,695
Rome;2019-05-01 00:00:00;0,658;29,45;16444;10820,152;318653,4764
Naples;2019-05-01 00:00:00;0,727;21,37;25637;18638,099;398296,1756
Milan;2019-05-02 00:00:00;0,513;60,14;36301;18622,413;1119951,918
Rome;2019-05-02 00:00:00;0,481;42,34;16448;7911,488;334972,4019
Naples;2019-05-02 00:00:00;0,595;28,84;25742;15316,49;441727,5716
Milan;2019-05-03 00:00:00;0,682;42,58;36458;24864,356;1058724,278
Rome;2019-05-03 00:00:00;0,601;35,6;16482;9905,682;352642,2792
Naples;2019-05-03 00:00:00;0,696;23,7;25529;17768,184;421105,9608
Milan;2019-05-04 00:00:00;0,39;77,3;36318;14164,02;1094878,746
Rome;2019-05-04 00:00:00;0,691;29,87;16564;11445,724;341883,7759
Naples;2019-05-04 00:00:00;0,49;32,54;25718;12601,82;410063,2228
Milan;2019-05-05 00:00:00;0,444;67,35;36666;16279,704;1096438,064
Rome;2019-05-05 00:00:00;0,737;28,55;16763;12354,331;352716,1501
Naples;2019-05-05 00:00:00;0,506;28,51;25751;13030,006;371485,4711
Milan;2019-05-06 00:00:00;0,509;59,75;36583;18620,747;1112589,633
Rome;2019-05-06 00:00:00;0,637;29,55;16517;10521,329;310905,272
Naples;2019-05-06 00:00:00;0,629;26,3;25564;16079,756;422897,5828
Milan;2019-05-07 00:00:00;0,746;41,33;36488;27220,048;1125004,584
Rome;2019-05-07 00:00:00;0,59;34,81;16331;9635,29;335404,4449
Naples;2019-05-07 00:00:00;0,672;22,96;25726;17287,872;396929,5411
Milan;2019-05-08 00:00:00;0,547;57,07;36576;20007,072;1141803,599
Rome;2019-05-08 00:00:00;0,568;38,54;16172;9185,696;354016,7238
Naples;2019-05-08 00:00:00;0,649;26,29;25362;16459,938;432731,77
Milan;2019-05-09 00:00:00;0,743;39,61;36610;27201,23;1077440,72
Rome;2019-05-09 00:00:00;0,392;47,32;16452;6449,184;305175,3869
Naples;2019-05-09 00:00:00;0,373;42,87;25443;9490,239;406846,5459
Milan;2019-05-10 00:00:00;0,504;59,04;36655;18474,12;1090712,045
Rome;2019-05-10 00:00:00;0,734;27,49;16353;12003,102;329965,274
Naples;2019-05-10 00:00:00;0,727;23,68;25486;18528,322;438750,665
Milan;2019-05-11 00:00:00;0,661;45,09;36607;24197,227;1091052,965
Rome;2019-05-11 00:00:00;0,738;26;16203;11957,814;310903,164
Naples;2019-05-11 00:00:00;0,58;30,46;25456;14764,48;449726,0608
Milan;2019-05-12 00:00:00;0,561;53,75;36668;20570,748;1105677,705
Rome;2019-05-12 00:00:00;0,728;27,45;16589;12076,792;331507,9404
Naples;2019-05-12 00:00:00;0,711;22,24;25769;18321,759;407475,9202
Milan;2019-05-13 00:00:00;0,351;86,26;36600;12846,6;1108147,716
Rome;2019-05-13 00:00:00;0,47;42,1;16284;7653,48;322211,508
Naples;2019-05-13 00:00:00;0,464;36,02;25926;12029,664;433308,4973
Milan;2019-05-14 00:00:00;0,484;62,15;36459;17646,156;1096708,595
Rome;2019-05-14 00:00:00;0,439;46,84;16378;7189,942;336776,8833
Naples;2019-05-14 00:00:00;0,719;22,84;26013;18703,347;427184,4455
Milan;2019-05-15 00:00:00;0,531;58,16;36299;19274,769;1121020,565
Rome;2019-05-15 00:00:00;0,705;29,84;16441;11590,905;345872,6052
Naples;2019-05-15 00:00:00;0,737;23,75;25944;19120,728;454117,29
Milan;2019-05-16 00:00:00;0,463;66,05;36552;16923,576;1117802,195
Rome;2019-05-16 00:00:00;0,401;45,63;16421;6584,821;300465,3822
Naples;2019-05-16 00:00:00;0,542;26,8;26065;14127,23;378609,764
Milan;2019-05-17 00:00:00;0,727;42,2;36429;26483,883;1117619,863
Rome;2019-05-17 00:00:00;0,707;27,03;16483;11653,481;314993,5914
Naples;2019-05-17 00:00:00;0,683;24,5;25737;17578,371;430670,0895
Milan;2019-05-18 00:00:00;0,377;80,37;36404;13724,308;1103022,634
Rome;2019-05-18 00:00:00;0,441;44,05;16371;7219,611;318023,8646
Naples;2019-05-18 00:00:00;0,666;26,38;25493;16978,338;447888,5564
Milan;2019-05-19 00:00:00;0,694;45,18;36457;25301,158;1143106,318
Rome;2019-05-19 00:00:00;0,514;39,52;16458;8459,412;334315,9622
Naples;2019-05-19 00:00:00;0,521;30,26;25612;13343,852;403784,9615
Milan;2019-05-20 00:00:00;0,447;68,81;36598;16359,306;1125683,846
Rome;2019-05-20 00:00:00;0,602;33,57;16423;9886,646;331894,7062
Naples;2019-05-20 00:00:00;0,657;26,15;25827;16968,339;443722,0649
Milan;2019-05-21 00:00:00;0,414;70,39;36415;15075,81;1061186,266
Rome;2019-05-21 00:00:00;0,592;33,54;16122;9544,224;320113,273
Naples;2019-05-21 00:00:00;0,366;44,9;25631;9380,946;421204,4754
Milan;2019-05-22 00:00:00;0,511;56,41;36496;18649,456;1052015,813
Rome;2019-05-22 00:00:00;0,57;35;16119;9187,83;321574,05
Naples;2019-05-22 00:00:00;0,402;38,44;25742;10348,284;397788,037
Milan;2019-05-23 00:00:00;0,7;43,16;36560;25592;1104550,72
Rome;2019-05-23 00:00:00;0,624;34,83;16177;10094,448;351589,6238
Naples;2019-05-23 00:00:00;0,384;44,22;25779;9899,136;437739,7939
Milan;2019-05-24 00:00:00;0,467;65,67;36548;17067,916;1120850,044
Rome;2019-05-24 00:00:00;0,628;30,98;16249;10204,372;316131,4446
Naples;2019-05-24 00:00:00;0,456;35,96;25911;11815,416;424882,3594
Milan;2019-05-25 00:00:00;0,467;65,93;36573;17079,591;1126057,435
Rome;2019-05-25 00:00:00;0,379;53,58;16289;6173,531;330777,791
Naples;2019-05-25 00:00:00;0,489;33,47;25644;12539,916;419710,9885
Milan;2019-05-26 00:00:00;0,457;63,35;36716;16779,212;1062963,08
Rome;2019-05-26 00:00:00;0,567;36,15;16579;9400,293;339820,592
Naples;2019-05-26 00:00:00;0,503;32,86;26270;13213,81;434205,7966
Milan;2019-05-27 00:00:00;0,551;52,23;36992;20382,592;1064582,78
Rome;2019-05-27 00:00:00;0,554;36,07;16604;9198,616;331794,0791
Naples;2019-05-27 00:00:00;0,456;36,2;26001;11856,456;429203,7072
Milan;2019-05-28 00:00:00;0,359;83,08;36977;13274,743;1102865,648
Rome;2019-05-28 00:00:00;0,554;36,48;16521;9152,634;333888,0883
Naples;2019-05-28 00:00:00;0,737;22,52;25818;19027,866;428507,5423
Milan;2019-05-29 00:00:00;0,375;80,18;36707;13765,125;1103687,723
Rome;2019-05-29 00:00:00;0,518;47,34;16409;8499,862;402383,4671
Naples;2019-05-29 00:00:00;0,554;29,38;25933;14366,882;422098,9932
Milan;2019-05-30 00:00:00;0,647;47,78;36651;23713,197;1133016,553
Rome;2019-05-30 00:00:00;0,499;38,1;16275;8121,225;309418,6725
Naples;2019-05-30 00:00:00;0,388;44,18;26160;10150,08;448430,5344
Milan;2019-05-31 00:00:00;0,704;42,78;36347;25588,288;1094666,961
Rome;2019-05-31 00:00:00;0,497;42,75;16406;8153,782;348574,1805
Naples;2019-05-31 00:00:00;0,72;22,6;25839;18604,08;420452,208
Milan;2019-06-01 00:00:00;0,715;42,59;36318;25967,37;1105950,288
Rome;2019-06-01 00:00:00;0,375;56,13;16550;6206,25;348356,8125
Naples;2019-06-01 00:00:00;0,415;42,77;25948;10768,42;460565,3234
Milan;2019-06-02 00:00:00;0,657;50,68;36757;24149,349;1223889,007
Rome;2019-06-02 00:00:00;0,493;41,94;16903;8333,179;349493,5273
Naples;2019-06-02 00:00:00;0,542;29,01;26158;14177,636;411293,2204
Milan;2019-06-03 00:00:00;0,411;70,9;36756;15106,716;1071066,164
Rome;2019-06-03 00:00:00;0,649;30,73;16743;10866,207;333918,5411
Naples;2019-06-03 00:00:00;0,481;35,96;26264;12632,984;454282,1046
Milan;2019-06-04 00:00:00;0,497;61,15;36557;18168,829;1111023,893
Rome;2019-06-04 00:00:00;0,648;29,39;16756;10857,888;319113,3283
Naples;2019-06-04 00:00:00;0,482;32,94;25892;12479,944;411089,3554
Milan;2019-06-05 00:00:00;0,484;64,25;36670;17748,28;1140326,99
Rome;2019-06-05 00:00:00;0,682;31,36;16500;11253;352894,08
Naples;2019-06-05 00:00:00;0,442;34,57;25966;11476,972;396758,922
Milan;2019-06-06 00:00:00;0,596;52,5;36702;21874,392;1148405,58
Rome;2019-06-06 00:00:00;0,469;41,79;16784;7871,696;328958,1758
Naples;2019-06-06 00:00:00;0,603;25,55;25709;15502,527;396089,5649
Milan;2019-06-07 00:00:00;0,635;47,02;36642;23267,67;1094045,843
Rome;2019-06-07 00:00:00;0,579;31,9;16555;9585,345;305772,5055
Naples;2019-06-07 00:00:00;0,637;24,96;25460;16218,02;404801,7792
Milan;2019-06-08 00:00:00;0,704;43,38;36542;25725,568;1115975,14
Rome;2019-06-08 00:00:00;0,426;47,15;16483;7021,758;331075,8897
Naples;2019-06-08 00:00:00;0,609;28,33;25460;15505,14;439260,6162
Milan;2019-06-09 00:00:00;0,488;60,23;36940;18026,72;1085749,346
Rome;2019-06-09 00:00:00;0,359;59,75;16728;6005,352;358819,782
Naples;2019-06-09 00:00:00;0,651;23,1;25996;16923,396;390930,4476
Milan;2019-06-10 00:00:00;0,564;51,83;36903;20813,292;1078752,924
Rome;2019-06-10 00:00:00;0,643;30,72;16480;10596,64;325528,7808
Naples;2019-06-10 00:00:00;0,368;40,29;25774;9484,832;382143,8813
Milan;2019-06-11 00:00:00;0,372;85,45;36696;13650,912;1166470,43
Rome;2019-06-11 00:00:00;0,376;57,13;16386;6161,136;351985,6997
Naples;2019-06-11 00:00:00;0,738;23,91;25759;19010,142;454532,4952
Milan;2019-06-12 00:00:00;0,724;43,22;36586;26488,264;1144822,77
Rome;2019-06-12 00:00:00;0,516;39,47;16730;8632,68;340731,8796
Naples;2019-06-12 00:00:00;0,55;30,02;25999;14299,45;429269,489
Milan;2019-06-13 00:00:00;0,387;77,77;36544;14142,528;1099864,403
Rome;2019-06-13 00:00:00;0,614;30,85;16706;10257,484;316443,3814
Naples;2019-06-13 00:00:00;0,417;41,05;25787;10753,179;441417,998
Milan;2019-06-14 00:00:00;0,43;68,48;36515;15701,45;1075235,296
Rome;2019-06-14 00:00:00;0,545;37,24;16336;8903,12;331552,1888
Naples;2019-06-14 00:00:00;0,642;24,82;25969;16672,098;413801,4724
Milan;2019-06-15 00:00:00;0,366;83,12;36401;13322,766;1107388,31
Rome;2019-06-15 00:00:00;0,524;40,08;16705;8753,42;350837,0736
Naples;2019-06-15 00:00:00;0,417;41,54;26032;10855,344;450930,9898
Milan;2019-06-16 00:00:00;0,712;43,75;36570;26037,84;1139155,5
Rome;2019-06-16 00:00:00;0,501;40,66;16810;8421,81;342430,7946
Naples;2019-06-16 00:00:00;0,553;27,82;26033;14396,249;400503,6472
Milan;2019-06-17 00:00:00;0,683;44,32;36577;24982,091;1107206,273
Rome;2019-06-17 00:00:00;0,435;45,24;16800;7308;330613,92
Naples;2019-06-17 00:00:00;0,506;32,24;25879;13094,774;422175,5138
Milan;2019-06-18 00:00:00;0,647;42,11;36724;23760,428;1000551,623
Rome;2019-06-18 00:00:00;0,497;40,54;16744;8321,768;337364,4747
Naples;2019-06-18 00:00:00;0,388;43,79;25791;10006,908;438202,5013
Milan;2019-06-19 00:00:00;0,533;55,52;36768;19597,344;1088044,539
Rome;2019-06-19 00:00:00;0,665;29,74;16689;11098,185;330060,0219
Naples;2019-06-19 00:00:00;0,566;29,46;25676;14532,616;428130,8674
Milan;2019-06-20 00:00:00;0,506;58,11;36501;18469,506;1073262,994
Rome;2019-06-20 00:00:00;0,663;31,26;16433;10895,079;340580,1695
Naples;2019-06-20 00:00:00;0,627;27,53;25538;16012,326;440819,3348
Milan;2019-06-21 00:00:00;0,56;54,77;36733;20570,48;1126645,19
Rome;2019-06-21 00:00:00;0,551;37,83;16500;9091,5;343931,445
Naples;2019-06-21 00:00:00;0,433;35,94;25739;11144,987;400550,8328
Milan;2019-06-22 00:00:00;0,608;49,07;36729;22331,232;1095793,554
Rome;2019-06-22 00:00:00;0,45;43,36;16527;7437,15;322474,824
Naples;2019-06-22 00:00:00;0,75;20,33;25604;19203;390396,99
Milan;2019-06-23 00:00:00;0,566;52,33;36912;20892,192;1093288,407
Rome;2019-06-23 00:00:00;0,56;38,91;16730;9368,8;364540,008
Naples;2019-06-23 00:00:00;0,547;28,19;25969;14205,043;400440,1622
Milan;2019-06-24 00:00:00;0,384;75,84;36828;14141,952;1072525,64
Rome;2019-06-24 00:00:00;0,674;27,48;16472;11102,128;305086,4774
Naples;2019-06-24 00:00:00;0,611;27,54;26030;15904,33;438005,2482
Milan;2019-06-25 00:00:00;0,352;86,35;36868;12977,536;1120610,234
Rome;2019-06-25 00:00:00;0,668;29,54;16463;10997,284;324859,7694
Naples;2019-06-25 00:00:00;0,47;36,74;26238;12331,86;453072,5364
Milan;2019-06-26 00:00:00;0,49;62,01;36837;18050,13;1119288,561
Rome;2019-06-26 00:00:00;0,388;49,62;16949;6576,212;326311,6394
Naples;2019-06-26 00:00:00;0,516;32,47;26191;13514,556;438817,6333
Milan;2019-06-27 00:00:00;0,399;79,19;36746;14661,654;1161056,38
Rome;2019-06-27 00:00:00;0,505;35,64;16803;8485,515;302423,7546
Naples;2019-06-27 00:00:00;0,507;32,8;25679;13019,253;427031,4984
Milan;2019-06-28 00:00:00;0,402;76,93;36602;14714,004;1131948,328
Rome;2019-06-28 00:00:00;0,428;51,59;17062;7302,536;376737,8322
Naples;2019-06-28 00:00:00;0,738;20,32;25666;18941,508;384891,4426
Milan;2019-06-29 00:00:00;0,615;49,83;36606;22512,69;1121807,343
Rome;2019-06-29 00:00:00;0,451;41,94;16763;7560,113;317071,1392
Naples;2019-06-29 00:00:00;0,547;29,66;25615;14011,405;415578,2723
Milan;2019-06-30 00:00:00;0,715;41,97;36585;26158,275;1097862,802
Rome;2019-06-30 00:00:00;0,664;30,03;16755;11125,32;334093,3596
Naples;2019-06-30 00:00:00;0,6;25,52;25723;15433,8;393870,576
Milan;2019-07-01 00:00:00;0,647;48,02;36578;23665,966;1136439,687
Rome;2019-07-01 00:00:00;0,721;30,11;16604;11971,484;360461,3832
Naples;2019-07-01 00:00:00;0,407;41,49;25710;10463,97;434150,1153
Milan;2019-07-02 00:00:00;0,596;48,99;36340;21658,64;1061056,774
Rome;2019-07-02 00:00:00;0,698;30,06;16555;11555,39;347355,0234
Naples;2019-07-02 00:00:00;0,469;30,25;26088;12235,272;370116,978
Milan;2019-07-03 00:00:00;0,457;68,09;36649;16748,593;1140411,697
Rome;2019-07-03 00:00:00;0,407;48;16896;6876,672;330080,256
Naples;2019-07-03 00:00:00;0,732;23,93;25894;18954,408;453578,9834
Milan;2019-07-04 00:00:00;0,513;61,05;36543;18746,559;1144477,427
Rome;2019-07-04 00:00:00;0,548;34,09;16709;9156,532;312146,1759
Naples;2019-07-04 00:00:00;0,519;31,91;25974;13480,506;430162,9465
Milan;2019-07-05 00:00:00;0,571;52,55;36504;20843,784;1095340,849
Rome;2019-07-05 00:00:00;0,659;29,62;16731;11025,729;326582,093
Naples;2019-07-05 00:00:00;0,476;33,87;25637;12203,212;413322,7904
Milan;2019-07-06 00:00:00;0,452;67,08;36497;16496,644;1106594,88
Rome;2019-07-06 00:00:00;0,501;38,65;16641;8337,141;322230,4997
Naples;2019-07-06 00:00:00;0,641;26,92;25489;16338,449;439831,0471
Milan;2019-07-07 00:00:00;0,383;78,25;36715;14061,845;1100339,371
Rome;2019-07-07 00:00:00;0,558;34,72;16873;9415,134;326893,4525
Naples;2019-07-07 00:00:00;0,521;32,12;25446;13257,366;425826,5959
Milan;2019-07-08 00:00:00;0,516;55,86;36824;19001,184;1061406,138
Rome;2019-07-08 00:00:00;0,71;29,09;16731;11879,01;345560,4009
Naples;2019-07-08 00:00:00;0,547;31,56;25481;13938,107;439886,6569
Milan;2019-07-09 00:00:00;0,436;72,88;36883;16080,988;1171982,405
Rome;2019-07-09 00:00:00;0,724;31,93;16617;12030,708;384140,5064
Naples;2019-07-09 00:00:00;0,537;27,66;25463;13673,631;378212,6335
Milan;2019-07-10 00:00:00;0,659;46,99;36976;24367,184;1145013,976
Rome;2019-07-10 00:00:00;0,541;38,21;16635;8999,535;343872,2324
Naples;2019-07-10 00:00:00;0,579;27,41;25536;14785,344;405266,279
Milan;2019-07-11 00:00:00;0,61;49,09;36797;22446,17;1101882,485
Rome;2019-07-11 00:00:00;0,545;37,31;16701;9102,045;339597,299
Naples;2019-07-11 00:00:00;0,508;30,71;25774;13093,192;402091,9263
Milan;2019-07-12 00:00:00;0,726;40,28;36675;26626,05;1072497,294
Rome;2019-07-12 00:00:00;0,564;32,33;16868;9513,552;307573,1362
Naples;2019-07-12 00:00:00;0,437;35,74;25821;11283,777;403282,19
Milan;2019-07-13 00:00:00;0,36;83,79;36627;13185,72;1104831,479
Rome;2019-07-13 00:00:00;0,586;36,2;16776;9830,736;355872,6432
Naples;2019-07-13 00:00:00;0,381;43,82;25680;9784,08;428738,3856
Milan;2019-07-14 00:00:00;0,662;44,92;36739;24321,218;1092509,113
Rome;2019-07-14 00:00:00;0,701;28,92;16915;11857,415;342916,4418
Naples;2019-07-14 00:00:00;0,678;23,14;26067;17673,426;408963,0776
Milan;2019-07-15 00:00:00;0,444;68,38;36828;16351,632;1118124,596
Rome;2019-07-15 00:00:00;0,742;24,51;16858;12508,636;306586,6684
Naples;2019-07-15 00:00:00;0,679;23;25995;17650,605;405963,915
Milan;2019-07-16 00:00:00;0,671;44,69;36698;24624,358;1100462,559
Rome;2019-07-16 00:00:00;0,73;27,68;16411;11980,03;331607,2304
Naples;2019-07-16 00:00:00;0,678;25,39;25975;17611,05;447144,5595
Milan;2019-07-17 00:00:00;0,533;58,3;36814;19621,862;1143954,555
Rome;2019-07-17 00:00:00;0,71;28,14;16337;11599,27;326403,4578
Naples;2019-07-17 00:00:00;0,588;28,22;26020;15299,76;431759,2272
Milan;2019-07-18 00:00:00;0,432;71,07;36736;15869,952;1127877,489
Rome;2019-07-18 00:00:00;0,713;26,57;16670;11885,71;315803,3147
Naples;2019-07-18 00:00:00;0,534;32,26;25970;13867,98;447381,0348
Milan;2019-07-19 00:00:00;0,597;54,14;36940;22053,18;1193959,165
Rome;2019-07-19 00:00:00;0,496;43,1;16650;8258,4;355937,04
Naples;2019-07-19 00:00:00;0,535;31,88;25721;13760,735;438692,2318
Milan;2019-07-20 00:00:00;0,481;64,4;36827;17713,787;1140767,883
Rome;2019-07-20 00:00:00;0,367;56,13;16743;6144,681;344900,9445
Naples;2019-07-20 00:00:00;0,504;31,72;25778;12992,112;412109,7926
Milan;2019-07-21 00:00:00;0,668;45,29;37024;24732,032;1120113,729
Rome;2019-07-21 00:00:00;0,367;53,38;16723;6137,341;327611,2626
Naples;2019-07-21 00:00:00;0,392;38,8;25943;10169,656;394582,6528
Milan;2019-07-22 00:00:00;0,683;45,31;37152;25374,816;1149732,913
Rome;2019-07-22 00:00:00;0,369;61,05;16595;6123,555;373843,0328
Naples;2019-07-22 00:00:00;0,423;37,44;25933;10969,659;410704,033
Milan;2019-07-23 00:00:00;0,355;86,39;36989;13131,095;1134395,297
Rome;2019-07-23 00:00:00;0,552;38,74;16681;9207,912;356714,5109
Naples;2019-07-23 00:00:00;0,379;41,82;25677;9731,583;406974,8011
Milan;2019-07-24 00:00:00;0,427;74,36;36859;15738,793;1170336,647
Rome;2019-07-24 00:00:00;0,418;48,45;16583;6931,694;335840,5743
Naples;2019-07-24 00:00:00;0,47;35,36;25711;12084,17;427296,2512
Milan;2019-07-25 00:00:00;0,393;75,06;36958;14524,494;1090208,52
Rome;2019-07-25 00:00:00;0,597;34,47;16740;9993,78;344485,5966
Naples;2019-07-25 00:00:00;0,45;32,61;25609;11524,05;375799,2705
Milan;2019-07-26 00:00:00;0,558;54,47;36934;20609,172;1122581,599
Rome;2019-07-26 00:00:00;0,394;50,08;16793;6616,442;331351,4154
Naples;2019-07-26 00:00:00;0,443;39,21;25475;11285,425;442501,5143
Milan;2019-07-27 00:00:00;0,437;68,74;36944;16144,528;1109774,855
Rome;2019-07-27 00:00:00;0,711;29,24;16950;12051,45;352384,398
Naples;2019-07-27 00:00:00;0,54;29,14;25716;13886,64;404656,6896
Milan;2019-07-28 00:00:00;0,51;59,22;37104;18923,04;1120622,429
Rome;2019-07-28 00:00:00;0,541;35,66;16854;9118,014;325148,3792
Naples;2019-07-28 00:00:00;0,677;22,23;25987;17593,199;391096,8138
Milan;2019-07-29 00:00:00;0,715;41,8;37288;26660,92;1114426,456
Rome;2019-07-29 00:00:00;0,365;55,41;16795;6130,175;339672,9968
Naples;2019-07-29 00:00:00;0,481;36,14;26325;12662,325;457616,4255
Milan;2019-07-30 00:00:00;0,521;59,36;37126;19342,646;1148179,467
Rome;2019-07-30 00:00:00;0,446;44,58;16907;7540,522;336156,4708
Naples;2019-07-30 00:00:00;0,599;27,05;26356;15787,244;427044,9502
Milan;2019-07-31 00:00:00;0,56;55,53;37146;20801,76;1155121,733
Rome;2019-07-31 00:00:00;0,687;28,69;16738;11499,006;329906,4821
Naples;2019-07-31 00:00:00;0,717;20,9;26435;18953,895;396136,4055
Milan;2019-08-01 00:00:00;0,441;63,94;37241;16423,281;1050104,587
Rome;2019-08-01 00:00:00;0,466;43,78;16930;7889,38;345397,0564
Naples;2019-08-01 00:00:00;0,554;27,1;26490;14675,46;397704,966
Milan;2019-08-02 00:00:00;0,468;67,23;37182;17401,176;1169881,062
Rome;2019-08-02 00:00:00;0,678;28,06;16888;11450,064;321288,7958
Naples;2019-08-02 00:00:00;0,714;20,68;26245;18738,93;387521,0724
Milan;2019-08-03 00:00:00;0,731;41,3;36999;27046,269;1117010,91
Rome;2019-08-03 00:00:00;0,535;39,06;16647;8906,145;347874,0237
Naples;2019-08-03 00:00:00;0,409;38,38;26444;10815,596;415102,5745
Milan;2019-08-04 00:00:00;0,569;51,85;37400;21280,6;1103399,11
Rome;2019-08-04 00:00:00;0,577;34,99;16651;9607,627;336170,8687
Naples;2019-08-04 00:00:00;0,697;22,69;26842;18708,874;424504,3511
Milan;2019-08-05 00:00:00;0,381;82,64;36914;14064,234;1162268,298
Rome;2019-08-05 00:00:00;0,517;39,61;16663;8614,771;341231,0793
Naples;2019-08-05 00:00:00;0,691;22,68;26767;18495,997;419489,212
Milan;2019-08-06 00:00:00;0,698;45,09;36896;25753,408;1161221,167
Rome;2019-08-06 00:00:00;0,571;35,66;16702;9536,842;340083,7857
Naples;2019-08-06 00:00:00;0,601;26,29;26861;16143,461;424411,5897
Milan;2019-08-07 00:00:00;0,536;58,2;36984;19823,424;1153723,277
Rome;2019-08-07 00:00:00;0,716;27;16658;11927,128;322032,456
Naples;2019-08-07 00:00:00;0,402;41,99;26677;10724,154;450307,2265
Milan;2019-08-08 00:00:00;0,605;49,55;36880;22312,4;1105579,42
Rome;2019-08-08 00:00:00;0,378;52,35;16654;6295,212;329554,3482
Naples;2019-08-08 00:00:00;0,5;31,97;26616;13308;425456,76
Milan;2019-08-09 00:00:00;0,385;76,43;36706;14131,81;1080094,238
Rome;2019-08-09 00:00:00;0,521;40,2;16211;8445,931;339526,4262
Naples;2019-08-09 00:00:00;0,559;32,13;26491;14808,469;475796,109
Milan;2019-08-10 00:00:00;0,673;43,79;37035;24924,555;1091446,263
Rome;2019-08-10 00:00:00;0,58;32,39;16351;9483,58;307173,1562
Naples;2019-08-10 00:00:00;0,664;27,79;26364;17505,696;486483,2918
Milan;2019-08-11 00:00:00;0,583;49,77;37336;21766,888;1083338,016
Rome;2019-08-11 00:00:00;0,389;50,33;16506;6420,834;323160,5752
Naples;2019-08-11 00:00:00;0,539;32,27;26221;14133,119;456075,7501
Milan;2019-08-12 00:00:00;0,572;51,66;37297;21333,884;1102108,447
Rome;2019-08-12 00:00:00;0,704;29,68;16612;11694,848;347103,0886
Naples;2019-08-12 00:00:00;0,351;51,01;26260;9217,26;470172,4326
Milan;2019-08-13 00:00:00;0,695;45,66;37009;25721,255;1174432,503
Rome;2019-08-13 00:00:00;0,726;27,53;16743;12155,418;334638,6575
Naples;2019-08-13 00:00:00;0,74;23,07;26207;19393,18;447400,6626
Milan;2019-08-14 00:00:00;0,697;42,48;36771;25629,387;1088736,36
Rome;2019-08-14 00:00:00;0,538;36,46;16917;9101,346;331835,0752
Naples;2019-08-14 00:00:00;0,446;37,97;26316;11736,936;445651,4599
Milan;2019-08-15 00:00:00;0,538;58,63;36934;19870,492;1165006,946
Rome;2019-08-15 00:00:00;0,368;53,51;16980;6248,64;334364,7264
Naples;2019-08-15 00:00:00;0,399;37,61;26363;10518,837;395613,4596
Milan;2019-08-16 00:00:00;0,627;47,74;36835;23095,545;1102581,318
Rome;2019-08-16 00:00:00;0,386;54,6;17040;6577,44;359128,224
Naples;2019-08-16 00:00:00;0,605;28,97;26464;16010,72;463830,5584
Milan;2019-08-17 00:00:00;0,429;70,31;36924;15840,396;1113738,243
Rome;2019-08-17 00:00:00;0,428;49,81;16869;7219,932;359624,8129
Naples;2019-08-17 00:00:00;0,646;25,26;26566;17161,636;433502,9254
Milan;2019-08-18 00:00:00;0,483;63,33;36864;17805,312;1127610,409
Rome;2019-08-18 00:00:00;0,622;33,76;17147;10665,434;360065,0518
Naples;2019-08-18 00:00:00;0,451;32,71;26408;11910,008;389576,3617
Milan;2019-08-19 00:00:00;0,609;51,38;36990;22526,91;1157432,636
Rome;2019-08-19 00:00:00;0,435;46,22;17102;7439,37;343847,6814
Naples;2019-08-19 00:00:00;0,61;28,64;26556;16199,16;463943,9424
Milan;2019-08-20 00:00:00;0,623;46,84;37211;23182,453;1085866,099
Rome;2019-08-20 00:00:00;0,447;43,97;16866;7539,102;331494,3149
Naples;2019-08-20 00:00:00;0,733;22,43;26445;19384,185;434787,2696
Milan;2019-08-21 00:00:00;0,587;53,06;36969;21700,803;1151444,607
Rome;2019-08-21 00:00:00;0,605;32,15;16964;10263,22;329962,523
Naples;2019-08-21 00:00:00;0,572;29,13;26290;15037,88;438053,4444
Milan;2019-08-22 00:00:00;0,468;62,23;36930;17283,24;1075536,025
Rome;2019-08-22 00:00:00;0,468;43,23;16949;7932,132;342906,0664
Naples;2019-08-22 00:00:00;0,569;29,11;26546;15104,674;439697,0601
Milan;2019-08-23 00:00:00;0,436;70,46;36796;16043,056;1130393,726
Rome;2019-08-23 00:00:00;0,512;39,31;16848;8626,176;339094,9786
Naples;2019-08-23 00:00:00;0,626;26,87;26657;16687,282;448387,2673
Milan;2019-08-24 00:00:00;0,516;59,05;36598;18884,568;1115133,74
Rome;2019-08-24 00:00:00;0,507;37,33;16829;8532,303;318510,871
Naples;2019-08-24 00:00:00;0,492;34,53;26686;13129,512;453362,0494
Milan;2019-08-25 00:00:00;0,709;40,13;37071;26283,339;1054750,394
Rome;2019-08-25 00:00:00;0,592;34,63;17202;10183,584;352657,5139
Naples;2019-08-25 00:00:00;0,419;38,75;26782;11221,658;434839,2475
Milan;2019-08-26 00:00:00;0,506;60,78;37027;18735,662;1138753,536
Rome;2019-08-26 00:00:00;0,564;37,48;16727;9434,028;353587,3694
Naples;2019-08-26 00:00:00;0,366;45,37;26874;9835,884;446254,0571
Milan;2019-08-27 00:00:00;0,507;60,46;37099;18809,193;1137203,809
Rome;2019-08-27 00:00:00;0,528;38,55;16775;8857,2;341445,06
Naples;2019-08-27 00:00:00;0,581;30,72;26776;15556,856;477906,6163
Milan;2019-08-28 00:00:00;0,36;81,16;37116;13361,76;1084440,442
Rome;2019-08-28 00:00:00;0,588;32,46;16932;9956,016;323172,2794
Naples;2019-08-28 00:00:00;0,397;42,61;26746;10618,162;452439,8828
Milan;2019-08-29 00:00:00;0,563;53,67;37301;21000,463;1127094,849
Rome;2019-08-29 00:00:00;0,591;35,89;17078;10093,098;362241,2872
Naples;2019-08-29 00:00:00;0,566;27,32;26803;15170,498;414458,0054
Milan;2019-08-30 00:00:00;0,744;42,04;37267;27726,648;1165628,282
Rome;2019-08-30 00:00:00;0,426;49,52;16945;7218,57;357463,5864
Naples;2019-08-30 00:00:00;0,589;24,26;26964;15881,796;385292,371
Milan;2019-08-31 00:00:00;0,615;48,29;36973;22738,395;1098037,095
Rome;2019-08-31 00:00:00;0,516;37,61;16976;8759,616;329449,1578
Naples;2019-08-31 00:00:00;0,716;21,81;27069;19381,404;422708,4212
Milan;2019-09-01 00:00:00;0,495;59,08;37170;18399,15;1087021,782
Rome;2019-09-01 00:00:00;0,56;34,65;16992;9515,52;329712,768
Naples;2019-09-01 00:00:00;0,514;35,19;27437;14102,618;496271,1274
Milan;2019-09-02 00:00:00;0,568;54,05;37440;21265,92;1149422,976
Rome;2019-09-02 00:00:00;0,729;29,55;16637;12128,373;358393,4222
Naples;2019-09-02 00:00:00;0,603;28,3;27082;16330,446;462151,6218
Milan;2019-09-03 00:00:00;0,466;66,86;37058;17269,028;1154607,212
Rome;2019-09-03 00:00:00;0,576;34,36;16717;9628,992;330852,1651
Naples;2019-09-03 00:00:00;0,598;28,94;26992;16141,216;467126,791
Milan;2019-09-04 00:00:00;0,705;43,18;37042;26114,61;1127628,86
Rome;2019-09-04 00:00:00;0,441;46,41;16561;7303,401;338950,8404
Naples;2019-09-04 00:00:00;0,644;27,25;27130;17471,72;476104,37
Milan;2019-09-05 00:00:00;0,551;52,29;37281;20541,831;1074132,343
Rome;2019-09-05 00:00:00;0,711;30,57;16519;11745,009;359044,9251
Naples;2019-09-05 00:00:00;0,633;28,72;26875;17011,875;488581,05
Milan;2019-09-06 00:00:00;0,632;49,8;36985;23374,52;1164051,096
Rome;2019-09-06 00:00:00;0,658;33,52;16809;11060,322;370741,9934
Naples;2019-09-06 00:00:00;0,434;32,95;26773;11619,482;382861,9319
Milan;2019-09-07 00:00:00;0,374;78,37;36983;13831,642;1083985,784
Rome;2019-09-07 00:00:00;0,664;27,68;16892;11216,288;310466,8518
Naples;2019-09-07 00:00:00;0,516;33,61;26817;13837,572;465080,7949
Milan;2019-09-08 00:00:00;0,721;41,13;37392;26959,632;1108849,664
Rome;2019-09-08 00:00:00;0,473;43,51;17063;8070,799;351160,4645
Naples;2019-09-08 00:00:00;0,526;33,15;26729;14059,454;466070,9001
Milan;2019-09-09 00:00:00;0,395;73,15;37227;14704,665;1075646,245
Rome;2019-09-09 00:00:00;0,504;40,94;17300;8719,2;356964,048
Naples;2019-09-09 00:00:00;0,7;23,77;26999;18899,3;449236,361
Milan;2019-09-10 00:00:00;0,593;51,55;37169;22041,217;1136224,736
Rome;2019-09-10 00:00:00;0,428;44,82;16930;7246,04;324767,5128
Naples;2019-09-10 00:00:00;0,52;32,74;26654;13860,08;453779,0192
Milan;2019-09-11 00:00:00;0,36;78,4;36976;13311,36;1043610,624
Rome;2019-09-11 00:00:00;0,511;37,12;16836;8603,196;319350,6355
Naples;2019-09-11 00:00:00;0,452;36,28;26952;12182,304;441973,9891
Milan;2019-09-12 00:00:00;0,626;47,24;36755;23008,63;1086927,681
Rome;2019-09-12 00:00:00;0,743;28,71;16832;12506,176;359052,313
Naples;2019-09-12 00:00:00;0,393;42,59;26501;10414,893;443570,2929
Milan;2019-09-13 00:00:00;0,682;42,03;36970;25213,54;1059725,086
Rome;2019-09-13 00:00:00;0,53;37,01;16881;8946,93;331125,8793
Naples;2019-09-13 00:00:00;0,517;33,04;26820;13865,94;458130,6576
Milan;2019-09-14 00:00:00;0,617;51,03;37022;22842,574;1165656,551
Rome;2019-09-14 00:00:00;0,616;29,86;16788;10341,408;308794,4429
Naples;2019-09-14 00:00:00;0,618;25,08;26668;16480,824;413339,0659
Milan;2019-09-15 00:00:00;0,59;49,46;37101;21889,59;1082659,121
Rome;2019-09-15 00:00:00;0,52;38,1;16863;8768,76;334089,756
Naples;2019-09-15 00:00:00;0,665;25,88;26445;17585,925;455123,739
Milan;2019-09-16 00:00:00;0,439;71,52;37186;16324,654;1167539,254
Rome;2019-09-16 00:00:00;0,358;52,43;16678;5970,724;313045,0593
Naples;2019-09-16 00:00:00;0,714;23,89;26344;18809,616;449361,7262
Milan;2019-09-17 00:00:00;0,648;45,68;37272;24152,256;1103275,054
Rome;2019-09-17 00:00:00;0,438;46,23;16574;7259,412;335602,6168
Naples;2019-09-17 00:00:00;0,51;33,48;26114;13318,14;445891,3272
Milan;2019-09-18 00:00:00;0,357;90,89;37230;13291,11;1208028,988
Rome;2019-09-18 00:00:00;0,502;41,86;16774;8420,548;352484,1393
Naples;2019-09-18 00:00:00;0,374;43,69;26153;9781,222;427341,5892
Milan;2019-09-19 00:00:00;0,486;58,51;37111;18035,946;1055283,2
Rome;2019-09-19 00:00:00;0,686;27,71;16853;11561,158;320359,6882
Naples;2019-09-19 00:00:00;0,745;22,92;26248;19554,76;448195,0992
Milan;2019-09-20 00:00:00;0,489;60,74;36798;17994,222;1092969,044
Rome;2019-09-20 00:00:00;0,429;47,11;17000;7293;343573,23
Naples;2019-09-20 00:00:00;0,745;22,01;26403;19670,235;432941,8724
Milan;2019-09-21 00:00:00;0,579;52,31;36892;21360,468;1117366,081
Rome;2019-09-21 00:00:00;0,562;36,36;16849;9469,138;344297,8577
Naples;2019-09-21 00:00:00;0,706;23,69;26557;18749,242;444169,543
Milan;2019-09-22 00:00:00;0,501;59,07;37145;18609,645;1099271,73
Rome;2019-09-22 00:00:00;0,576;37,28;16972;9775,872;364444,5082
Naples;2019-09-22 00:00:00;0,743;23,64;26882;19973,326;472169,4266
Milan;2019-09-23 00:00:00;0,549;57,88;37310;20483,19;1185567,037
Rome;2019-09-23 00:00:00;0,421;49,58;16982;7149,422;354468,3428
Naples;2019-09-23 00:00:00;0,739;21,66;27124;20044,636;434166,8158
Milan;2019-09-24 00:00:00;0,465;62,47;37173;17285,445;1079821,749
Rome;2019-09-24 00:00:00;0,357;59,08;16983;6062,931;358197,9635
Naples;2019-09-24 00:00:00;0,641;23,93;27090;17364,69;415537,0317
Milan;2019-09-25 00:00:00;0,735;39,87;37263;27388,305;1091971,72
Rome;2019-09-25 00:00:00;0,393;54,76;17019;6688,467;366260,4529
Naples;2019-09-25 00:00:00;0,534;29,48;26783;14302,122;421626,5566
Milan;2019-09-26 00:00:00;0,71;42,01;37210;26419,1;1109866,391
Rome;2019-09-26 00:00:00;0,577;36,11;17199;9923,823;358349,2485
Naples;2019-09-26 00:00:00;0,674;24,44;26877;18115,098;442732,9951
Milan;2019-09-27 00:00:00;0,674;46,96;37228;25091,672;1178304,917
Rome;2019-09-27 00:00:00;0,487;44,93;16888;8224,456;369524,8081
Naples;2019-09-27 00:00:00;0,575;26,03;27079;15570,425;405298,1628
Milan;2019-09-28 00:00:00;0,426;75,86;37040;15779,04;1196997,974
Rome;2019-09-28 00:00:00;0,602;32,2;17133;10314,066;332112,9252
Naples;2019-09-28 00:00:00;0,434;36,48;27023;11727,982;427836,7834
Milan;2019-09-29 00:00:00;0,383;80,84;37103;14210,449;1148772,697
Rome;2019-09-29 00:00:00;0,536;38,36;16969;9095,384;348898,9302
Naples;2019-09-29 00:00:00;0,351;46,15;27225;9555,975;441008,2463
Milan;2019-09-30 00:00:00;0,502;59,88;37126;18637,252;1115998,65
Rome;2019-09-30 00:00:00;0,573;34,66;17071;9781,683;339033,1328
Naples;2019-09-30 00:00:00;0,448;35,88;27458;12301,184;441366,4819
Milan;2019-10-01 00:00:00;0,57;55,4;37183;21194,31;1174164,774
Rome;2019-10-01 00:00:00;0,639;28,84;16953;10832,967;312422,7683
Naples;2019-10-01 00:00:00;0,412;39,78;26978;11114,936;442152,1541
Milan;2019-10-02 00:00:00;0,689;44,41;37274;25681,786;1140528,116
Rome;2019-10-02 00:00:00;0,388;54,93;16930;6568,84;360826,3812
Naples;2019-10-02 00:00:00;0,719;21,72;27186;19546,734;424555,0625
Milan;2019-10-03 00:00:00;0,746;38,04;37364;27873,544;1060309,614
Rome;2019-10-03 00:00:00;0,521;39,1;16848;8777,808;343212,2928
Naples;2019-10-03 00:00:00;0,389;48,28;27018;10510,002;507422,8966
Milan;2019-10-04 00:00:00;0,381;76,91;37279;14203,299;1092375,726
Rome;2019-10-04 00:00:00;0,393;51,09;17096;6718,728;343259,8135
Naples;2019-10-04 00:00:00;0,696;22,06;27200;18931,2;417622,272
Milan;2019-10-05 00:00:00;0,63;48,84;37111;23379,93;1141875,781
Rome;2019-10-05 00:00:00;0,412;50,31;16825;6931,9;348743,889
Naples;2019-10-05 00:00:00;0,703;23,89;26866;18886,798;451205,6042
Milan;2019-10-06 00:00:00;0,721;41,15;37202;26822,642;1103751,718
Rome;2019-10-06 00:00:00;0,548;35,41;16893;9257,364;327803,2592
Naples;2019-10-06 00:00:00;0,548;28,41;26899;14740,652;418781,9233
Milan;2019-10-07 00:00:00;0,39;78,1;37206;14510,34;1133257,554
Rome;2019-10-07 00:00:00;0,713;29,85;16585;11825,105;352979,3843
Naples;2019-10-07 00:00:00;0,426;42,61;26973;11490,498;489610,1198
Milan;2019-10-08 00:00:00;0,531;57,79;37219;19763,289;1142120,471
Rome;2019-10-08 00:00:00;0,635;29,8;16935;10753,725;320461,005
Naples;2019-10-08 00:00:00;0,373;43,45;26676;9950,148;432333,9306
Milan;2019-10-09 00:00:00;0,489;59,76;37253;18216,717;1088631,008
Rome;2019-10-09 00:00:00;0,705;29,64;17116;12066,78;357659,3592
Naples;2019-10-09 00:00:00;0,387;39,69;26820;10379,34;411956,0046
Milan;2019-10-10 00:00:00;0,589;51,22;37118;21862,502;1119797,352
Rome;2019-10-10 00:00:00;0,422;48,77;16828;7101,416;346336,0583
Naples;2019-10-10 00:00:00;0,375;45,64;26728;10023;457449,72
Milan;2019-10-11 00:00:00;0,523;57,71;37188;19449,324;1122420,488
Rome;2019-10-11 00:00:00;0,519;38,96;16777;8707,263;339234,9665
Naples;2019-10-11 00:00:00;0,43;36,99;26934;11581,62;428404,1238
Milan;2019-10-12 00:00:00;0,373;79,93;37333;13925,209;1113041,955
Rome;2019-10-12 00:00:00;0,536;38,09;17019;9122,184;347463,9886
Naples;2019-10-12 00:00:00;0,454;34,22;26982;12249,828;419189,1142
Milan;2019-10-13 00:00:00;0,451;69,28;37605;16959,855;1174978,754
Rome;2019-10-13 00:00:00;0,379;57,2;16979;6435,041;368084,3452
Naples;2019-10-13 00:00:00;0,483;32,01;27323;13197,009;422436,2581
Milan;2019-10-14 00:00:00;0,53;58,19;37574;19914,22;1158808,462
Rome;2019-10-14 00:00:00;0,666;33,56;17182;11443,212;384034,1947
Naples;2019-10-14 00:00:00;0,428;38,77;27240;11658,72;452008,5744
Milan;2019-10-15 00:00:00;0,742;40,4;37300;27676,6;1118134,64
Rome;2019-10-15 00:00:00;0,577;36,64;17293;9978,061;365596,155
Naples;2019-10-15 00:00:00;0,745;22,71;27401;20413,745;463596,149
Milan;2019-10-16 00:00:00;0,504;57,94;37253;18775,512;1087853,165
Rome;2019-10-16 00:00:00;0,538;38,97;17301;9307,938;362730,3439
Naples;2019-10-16 00:00:00;0,467;36,43;27129;12669,243;461540,5225
Milan;2019-10-17 00:00:00;0,502;61,65;37289;18719,078;1154031,159
Rome;2019-10-17 00:00:00;0,525;36,94;17064;8958,6;330930,684
Naples;2019-10-17 00:00:00;0,631;24,77;27206;17166,986;425226,2432
Milan;2019-10-18 00:00:00;0,68;43,01;37168;25274,24;1087045,062
Rome;2019-10-18 00:00:00;0,41;51,57;17104;7012,64;361641,8448
Naples;2019-10-18 00:00:00;0,362;46,95;27223;9854,726;462679,3857
Milan;2019-10-19 00:00:00;0,404;76,14;37370;15097,48;1149522,127
Rome;2019-10-19 00:00:00;0,49;39,51;17195;8425,55;332893,4805
Naples;2019-10-19 00:00:00;0,462;36,02;27132;12534,984;451510,1237
Milan;2019-10-20 00:00:00;0,724;41,22;37545;27182,58;1120465,948
Rome;2019-10-20 00:00:00;0,531;36,78;17261;9165,591;337110,437
Naples;2019-10-20 00:00:00;0,671;23,31;27408;18390,768;428688,8021
Milan;2019-10-21 00:00:00;0,556;52,03;37431;20811,636;1082829,421
Rome;2019-10-21 00:00:00;0,67;32,45;17084;11446,28;371431,786
Naples;2019-10-21 00:00:00;0,746;24,47;27265;20339,69;497712,2143
Milan;2019-10-22 00:00:00;0,605;52,72;37478;22674,19;1195383,297
Rome;2019-10-22 00:00:00;0,373;54,24;16872;6293,256;341346,2054
Naples;2019-10-22 00:00:00;0,543;32,88;27028;14676,204;482553,5875
Milan;2019-10-23 00:00:00;0,656;46,65;37519;24612,464;1148171,446
Rome;2019-10-23 00:00:00;0,404;49,76;16800;6787,2;337731,072
Naples;2019-10-23 00:00:00;0,608;26,22;26927;16371,616;429263,7715
Milan;2019-10-24 00:00:00;0,393;76,23;37570;14765,01;1125536,712
Rome;2019-10-24 00:00:00;0,47;45,12;16969;7975,43;359851,4016
Naples;2019-10-24 00:00:00;0,627;27,58;26834;16824,918;464031,2384
Milan;2019-10-25 00:00:00;0,533;54,89;37412;19940,596;1094539,314
Rome;2019-10-25 00:00:00;0,358;61,19;17000;6086;372402,34
Naples;2019-10-25 00:00:00;0,384;48,11;27110;10410,24;500836,6464
Milan;2019-10-26 00:00:00;0,681;42,68;37107;25269,867;1078517,924
Rome;2019-10-26 00:00:00;0,531;38,55;16761;8900,091;343098,5081
Naples;2019-10-26 00:00:00;0,405;35,99;27038;10950,39;394104,5361
Milan;2019-10-27 00:00:00;0,45;68,33;37341;16803,45;1148179,739
Rome;2019-10-27 00:00:00;0,553;34,11;17246;9537,038;325308,3662
Naples;2019-10-27 00:00:00;0,482;35,03;27240;13129,68;459932,6904
Milan;2019-10-28 00:00:00;0,663;46,91;37513;24871,119;1166704,192
Rome;2019-10-28 00:00:00;0,562;33,88;17202;9667,524;327535,7131
Naples;2019-10-28 00:00:00;0,545;28,94;27230;14840,35;429479,729
Milan;2019-10-29 00:00:00;0,391;75,44;37532;14675,012;1107082,905
Rome;2019-10-29 00:00:00;0,706;30,09;17259;12184,854;366642,2569
Naples;2019-10-29 00:00:00;0,663;27,1;26983;17889,729;484811,6559
Milan;2019-10-30 00:00:00;0,63;48,69;37201;23436,63;1141129,515
Rome;2019-10-30 00:00:00;0,427;46,18;16969;7245,763;334609,3353
Naples;2019-10-30 00:00:00;0,507;33,18;27179;13779,753;457212,2045
Milan;2019-10-31 00:00:00;0,352;81,76;37472;13190,144;1078426,173
Rome;2019-10-31 00:00:00;0,691;31,09;16968;11724,888;364526,7679
Naples;2019-10-31 00:00:00;0,599;29,34;26792;16048,408;470860,2907
Milan;2019-11-01 00:00:00;0,626;49,24;37121;23237,746;1144226,613
Rome;2019-11-01 00:00:00;0,568;32,83;16854;9573,072;314283,9538
Naples;2019-11-01 00:00:00;0,493;32,22;26770;13197,61;425226,9942
Milan;2019-11-02 00:00:00;0,464;70,21;37131;17228,784;1209632,925
Rome;2019-11-02 00:00:00;0,567;39,91;17127;9711,009;387566,3692
Naples;2019-11-02 00:00:00;0,685;22,68;26882;18414,17;417633,3756
Milan;2019-11-03 00:00:00;0,664;46,34;37179;24686,856;1143988,907
Rome;2019-11-03 00:00:00;0,543;39,06;17329;9409,647;367540,8118
Naples;2019-11-03 00:00:00;0,426;36,98;27271;11617,446;429613,1531
Milan;2019-11-04 00:00:00;0,436;71,95;37144;16194,784;1165214,709
Rome;2019-11-04 00:00:00;0,487;44,03;17211;8381,757;369048,7607
Naples;2019-11-04 00:00:00;0,587;25,12;27212;15973,444;401252,9133
Milan;2019-11-05 00:00:00;0,38;79,42;37121;14105,98;1120296,932
Rome;2019-11-05 00:00:00;0,688;28,39;17430;11991,84;340448,3376
Naples;2019-11-05 00:00:00;0,612;27,19;27268;16688,016;453747,155
Milan;2019-11-06 00:00:00;0,41;73,37;37262;15277,42;1120904,305
Rome;2019-11-06 00:00:00;0,541;37,41;17252;9333,332;349159,9501
Naples;2019-11-06 00:00:00;0,429;36,96;27246;11688,534;432008,2166
Milan;2019-11-07 00:00:00;0,406;73,55;37405;15186,43;1116961,927
Rome;2019-11-07 00:00:00;0,729;27,36;16957;12361,653;338214,8261
Naples;2019-11-07 00:00:00;0,435;36,05;27575;11995,125;432424,2563
Milan;2019-11-08 00:00:00;0,591;50,36;37326;22059,666;1110924,78
Rome;2019-11-08 00:00:00;0,446;44,84;16848;7514,208;336937,0867
Naples;2019-11-08 00:00:00;0,362;40,51;27417;9924,954;402059,8865
Milan;2019-11-09 00:00:00;0,473;59,95;37235;17612,155;1055848,692
Rome;2019-11-09 00:00:00;0,707;27,72;16974;12000,618;332657,131
Naples;2019-11-09 00:00:00;0,74;22,13;27745;20531,3;454357,669
Milan;2019-11-10 00:00:00;0,572;52,25;37266;21316,152;1113768,942
Rome;2019-11-10 00:00:00;0,65;32,15;17369;11289,85;362968,6775
Naples;2019-11-10 00:00:00;0,531;32,5;28221;14985,351;487023,9075
Milan;2019-11-11 00:00:00;0,738;41,32;37296;27524,448;1137310,191
Rome;2019-11-11 00:00:00;0,439;47,42;17257;7575,823;359245,5267
Naples;2019-11-11 00:00:00;0,398;42,33;27861;11088,678;469383,7397
Milan;2019-11-12 00:00:00;0,527;53,73;37313;19663,951;1056544,087
Rome;2019-11-12 00:00:00;0,389;53,7;17140;6667,46;358042,602
Naples;2019-11-12 00:00:00;0,416;35,04;27537;11455,392;401396,9357
Milan;2019-11-13 00:00:00;0,374;80;37486;14019,764;1121581,12
Rome;2019-11-13 00:00:00;0,55;41,11;16873;9280,15;381506,9665
Naples;2019-11-13 00:00:00;0,629;24,69;27492;17292,468;426951,0349
Milan;2019-11-14 00:00:00;0,525;59,49;37372;19620,3;1167211,647
Rome;2019-11-14 00:00:00;0,648;34,01;17094;11076,912;376725,7771
Naples;2019-11-14 00:00:00;0,624;25,52;27889;17402,736;444117,8227
Milan;2019-11-15 00:00:00;0,674;43,92;37429;25227,146;1107976,252
Rome;2019-11-15 00:00:00;0,403;48,76;17138;6906,614;336766,4986
Naples;2019-11-15 00:00:00;0,405;39,87;27618;11185,29;445957,5123
Milan;2019-11-16 00:00:00;0,665;47,53;37444;24900,26;1183509,358
Rome;2019-11-16 00:00:00;0,486;38,02;16925;8225,55;312735,411
Naples;2019-11-16 00:00:00;0,585;28,22;27484;16078,14;453725,1108
Milan;2019-11-17 00:00:00;0,568;52,77;37569;21339,192;1126069,162
Rome;2019-11-17 00:00:00;0,49;40,04;17173;8414,77;336927,3908
Naples;2019-11-17 00:00:00;0,718;19,24;27825;19978,35;384383,454
Milan;2019-11-18 00:00:00;0,722;40,24;37450;27038,9;1088045,336
Rome;2019-11-18 00:00:00;0,651;30,63;17172;11178,972;342411,9124
Naples;2019-11-18 00:00:00;0,432;33,17;27904;12054,528;399848,6938
Milan;2019-11-19 00:00:00;0,616;48,31;37336;22998,976;1111080,531
Rome;2019-11-19 00:00:00;0,721;30,29;17104;12331,984;373535,7954
Naples;2019-11-19 00:00:00;0,369;47,09;27545;10164,105;478627,7045
Milan;2019-11-20 00:00:00;0,742;38,95;37413;27760,446;1081269,372
Rome;2019-11-20 00:00:00;0,583;33,64;17133;9988,539;336014,452
Naples;2019-11-20 00:00:00;0,436;38,42;27601;12034,036;462347,6631
Milan;2019-11-21 00:00:00;0,599;48,31;37387;22394,813;1081893,416
Rome;2019-11-21 00:00:00;0,408;50,13;17030;6948,24;348315,2712
Naples;2019-11-21 00:00:00;0,433;40,47;27572;11938,676;483158,2177
Milan;2019-11-22 00:00:00;0,561;53,81;37471;21021,231;1131152,44
Rome;2019-11-22 00:00:00;0,647;31,1;16904;10936,888;340137,2168
Naples;2019-11-22 00:00:00;0,377;42,39;27550;10386,35;440277,3765
Milan;2019-11-23 00:00:00;0,731;40,15;37506;27416,886;1100787,973
Rome;2019-11-23 00:00:00;0,65;31,18;17022;11064,3;344984,874
Naples;2019-11-23 00:00:00;0,41;39,53;27711;11361,51;449120,4903
Milan;2019-11-24 00:00:00;0,407;71,52;37679;15335,353;1096784,447
Rome;2019-11-24 00:00:00;0,42;51,33;17162;7208,04;369988,6932
Naples;2019-11-24 00:00:00;0,661;26,26;27841;18402,901;483260,1803
Milan;2019-11-25 00:00:00;0,578;51,39;37822;21861,116;1123442,751
Rome;2019-11-25 00:00:00;0,354;60,09;17115;6058,71;364067,8839
Naples;2019-11-25 00:00:00;0,491;33,46;27664;13583,024;454487,983
Milan;2019-11-26 00:00:00;0,422;70;37472;15813,184;1106922,88
Rome;2019-11-26 00:00:00;0,541;39,03;17314;9366,874;365589,0922
Naples;2019-11-26 00:00:00;0,604;27,25;27558;16645,032;453577,122
Milan;2019-11-27 00:00:00;0,727;40,04;37649;27370,823;1095927,753
Rome;2019-11-27 00:00:00;0,648;28,42;16950;10983,6;312153,912
Naples;2019-11-27 00:00:00;0,615;27,44;27578;16960,47;465395,2968
Milan;2019-11-28 00:00:00;0,527;54,67;37453;19737,731;1079061,754
Rome;2019-11-28 00:00:00;0,595;32,24;16991;10109,645;325934,9548
Naples;2019-11-28 00:00:00;0,603;27,49;27649;16672,347;458322,819
Milan;2019-11-29 00:00:00;0,371;81,36;37366;13862,786;1127876,269
Rome;2019-11-29 00:00:00;0,708;28,25;17085;12096,18;341717,085
Naples;2019-11-29 00:00:00;0,452;35,03;27477;12419,604;435058,7281
Milan;2019-11-30 00:00:00;0,426;72,56;37479;15966,054;1158496,878
Rome;2019-11-30 00:00:00;0,609;27,76;17176;10460,184;290374,7078
Naples;2019-11-30 00:00:00;0,466;33,8;27555;12840,63;434013,294
Milan;2019-12-01 00:00:00;0,431;72,66;37696;16246,976;1180505,276
Rome;2019-12-01 00:00:00;0,667;31,32;17458;11644,486;364705,3015
Naples;2019-12-01 00:00:00;0,596;27,06;27703;16510,988;446787,3353
Milan;2019-12-02 00:00:00;0,564;55,43;37730;21279,72;1179534,88
Rome;2019-12-02 00:00:00;0,708;30,78;17542;12419,736;382279,4741
Naples;2019-12-02 00:00:00;0,461;34,98;27715;12776,615;446925,9927
Milan;2019-12-03 00:00:00;0,411;76,4;37855;15558,405;1188662,142
Rome;2019-12-03 00:00:00;0,704;32,69;17841;12560,064;410588,4922
Naples;2019-12-03 00:00:00;0,48;37,8;27925;13404;506671,2
Milan;2019-12-04 00:00:00;0,527;60,42;38018;20035,486;1210544,064
Rome;2019-12-04 00:00:00;0,642;34,33;18006;11559,852;396849,7192
Naples;2019-12-04 00:00:00;0,398;42,77;27813;11069,574;473445,68
Milan;2019-12-05 00:00:00;0,391;81,09;38033;14870,903;1205881,524
Rome;2019-12-05 00:00:00;0,504;44,19;17597;8868,888;391916,1607
Naples;2019-12-05 00:00:00;0,679;27,43;27913;18952,927;519878,7876
Milan;2019-12-06 00:00:00;0,473;66,38;38030;17988,19;1194056,052
Rome;2019-12-06 00:00:00;0,679;33,33;17716;12029,164;400932,0361
Naples;2019-12-06 00:00:00;0,685;25;27663;18949,155;473728,875
Milan;2019-12-07 00:00:00;0,741;43,18;38112;28240,992;1219446,035
Rome;2019-12-07 00:00:00;0,519;39,75;17583;9125,577;362741,6858
Naples;2019-12-07 00:00:00;0,677;24,78;27764;18796,228;465770,5298
Milan;2019-12-08 00:00:00;0,583;52,72;38102;22213,466;1171093,928
Rome;2019-12-08 00:00:00;0,661;31,47;17752;11734,072;369271,2458
Naples;2019-12-08 00:00:00;0,551;31,53;27807;15321,657;483091,8452
Milan;2019-12-09 00:00:00;0,612;50,22;38186;23369,832;1173632,963
Rome;2019-12-09 00:00:00;0,66;31,56;18052;11914,32;376015,9392
Naples;2019-12-09 00:00:00;0,535;34,27;27860;14905,1;510797,777
Milan;2019-12-10 00:00:00;0,546;58,15;38095;20799,87;1209512,441
Rome;2019-12-10 00:00:00;0,525;39,9;17820;9355,5;373284,45
Naples;2019-12-10 00:00:00;0,466;35,18;27791;12950,606;455602,3191
Milan;2019-12-11 00:00:00;0,639;49;37972;24264,108;1188941,292
Rome;2019-12-11 00:00:00;0,359;59,95;17909;6429,331;385438,3935
Naples;2019-12-11 00:00:00;0,553;31,88;27902;15429,806;491902,2153
Milan;2019-12-12 00:00:00;0,482;69,47;38397;18507,354;1285705,882
Rome;2019-12-12 00:00:00;0,503;47,11;17991;9049,473;426320,673
Naples;2019-12-12 00:00:00;0,64;25,86;28458;18213,12;470991,2832
Milan;2019-12-13 00:00:00;0,554;57,2;38437;21294,098;1218022,406
Rome;2019-12-13 00:00:00;0,691;34,31;18270;12624,57;433148,9967
Naples;2019-12-13 00:00:00;0,662;28,38;28522;18881,564;535858,7863
Milan;2019-12-14 00:00:00;0,694;46,78;38805;26930,67;1259816,743
Rome;2019-12-14 00:00:00;0,573;41,61;18302;10487,046;436365,9841
Naples;2019-12-14 00:00:00;0,714;26,98;28697;20489,658;552810,9728
Milan;2019-12-15 00:00:00;0,447;70,17;39073;17465,631;1225563,327
Rome;2019-12-15 00:00:00;0,572;38,41;18567;10620,324;407926,6448
Naples;2019-12-15 00:00:00;0,532;35,34;28856;15351,392;542518,1933
Milan;2019-12-16 00:00:00;0,504;66,03;39224;19768,896;1305340,203
Rome;2019-12-16 00:00:00;0,703;29,81;18597;13073,691;389726,7287
Naples;2019-12-16 00:00:00;0,725;25,22;28870;20930,75;527873,515
Milan;2019-12-17 00:00:00;0,653;47,18;39117;25543,401;1205137,659
Rome;2019-12-17 00:00:00;0,438;50,94;18586;8140,668;414685,6279
Naples;2019-12-17 00:00:00;0,513;37,4;29252;15006,276;561234,7224
Milan;2019-12-18 00:00:00;0,379;83,69;39008;14784,032;1237275,638
Rome;2019-12-18 00:00:00;0,703;33,4;18744;13177,032;440112,8688
Naples;2019-12-18 00:00:00;0,674;27,05;29578;19935,572;539257,2226
Milan;2019-12-19 00:00:00;0,6;57,03;39059;23435,4;1336520,862
Rome;2019-12-19 00:00:00;0,634;36,43;18626;11808,884;430197,6441
Naples;2019-12-19 00:00:00;0,695;26,85;29996;20847,22;559747,857
Milan;2019-12-20 00:00:00;0,557;58,35;38943;21691,251;1265684,496
Rome;2019-12-20 00:00:00;0,395;59,33;18625;7356,875;436483,3938
Naples;2019-12-20 00:00:00;0,457;37,49;30033;13725,081;514553,2867
Milan;2019-12-21 00:00:00;0,711;44,38;38921;27672,831;1228120,24
Rome;2019-12-21 00:00:00;0,478;49,51;18340;8766,52;434030,4052
Naples;2019-12-21 00:00:00;0,643;29,21;29851;19194,193;560662,3775
Milan;2019-12-22 00:00:00;0,681;49,35;39007;26563,767;1310921,901
Rome;2019-12-22 00:00:00;0,395;55,91;18471;7296,045;407921,876
Naples;2019-12-22 00:00:00;0,555;33,35;30359;16849,245;561922,3208
Milan;2019-12-23 00:00:00;0,6;52,58;39152;23491,2;1235167,296
Rome;2019-12-23 00:00:00;0,586;38,35;18470;10823,42;415078,157
Naples;2019-12-23 00:00:00;0,51;35,76;30320;15463,2;552964,032
Milan;2019-12-24 00:00:00;0,593;57,6;39087;23178,591;1335086,842
Rome;2019-12-24 00:00:00;0,62;33,33;18478;11456,36;381840,4788
Naples;2019-12-24 00:00:00;0,647;25,25;30053;19444,291;490968,3478
Milan;2019-12-25 00:00:00;0,391;82,73;38731;15143,821;1252848,311
Rome;2019-12-25 00:00:00;0,584;37,02;17998;10510,832;389111,0006
Naples;2019-12-25 00:00:00;0,738;22,54;29847;22027,086;496490,5184
Milan;2019-12-26 00:00:00;0,376;80,48;38768;14576,768;1173138,289
Rome;2019-12-26 00:00:00;0,66;29,66;18004;11882,64;352439,1024
Naples;2019-12-26 00:00:00;0,67;22,91;29840;19992,8;458035,048
Milan;2019-12-27 00:00:00;0,506;66,32;38656;19559,936;1297214,956
Rome;2019-12-27 00:00:00;0,545;39,19;18230;9935,35;389366,3665
Naples;2019-12-27 00:00:00;0,682;23;30065;20504,33;471599,59
Milan;2019-12-28 00:00:00;0,354;94,36;38336;13570,944;1280554,276
Rome;2019-12-28 00:00:00;0,681;31,18;17858;12161,298;379189,2716
Naples;2019-12-28 00:00:00;0,623;27,95;29992;18685,016;522246,1972
Milan;2019-12-29 00:00:00;0,428;70,78;38510;16482,28;1166615,778
Rome;2019-12-29 00:00:00;0,365;56,63;18216;6648,84;376523,8092
Naples;2019-12-29 00:00:00;0,352;46,31;29592;10416,384;482382,743
Milan;2019-12-30 00:00:00;0,643;46,06;38576;24804,368;1142489,19
Rome;2019-12-30 00:00:00;0,66;31,53;18277;12062,82;380340,7146
Naples;2019-12-30 00:00:00;0,437;39,65;29446;12867,902;510212,3143
Milan;2019-12-31 00:00:00;0,72;42,33;38676;27846,72;1178751,658
Rome;2019-12-31 00:00:00;0,418;51,94;18184;7600,912;394791,3693
Naples;2019-12-31 00:00:00;0,542;31,5;29437;15954,854;502577,901
Milan;2020-01-01 00:00:00;0,417;78,34;38182;15921,894;1247321,176
Rome;2020-01-01 00:00:00;0,408;51,56;17788;7257,504;374196,9062
Naples;2020-01-01 00:00:00;0,618;23,4;29316;18117,288;423944,5392
Milan;2020-01-02 00:00:00;0,54;57,7;38067;20556,18;1186091,586
Rome;2020-01-02 00:00:00;0,558;38,27;17571;9804,618;375222,7309
Naples;2020-01-02 00:00:00;0,434;36,64;28980;12577,32;460833,0048
Milan;2020-01-03 00:00:00;0,568;52,72;37807;21474,376;1132129,103
Rome;2020-01-03 00:00:00;0,626;34,41;17421;10905,546;375259,8379
Naples;2020-01-03 00:00:00;0,717;24,83;28601;20506,917;509186,7491
Milan;2020-01-04 00:00:00;0,567;55,4;37747;21402,549;1185701,215
Rome;2020-01-04 00:00:00;0,739;27,24;17546;12966,494;353207,2966
Naples;2020-01-04 00:00:00;0,68;24,32;28134;19131,12;465268,8384
Milan;2020-01-05 00:00:00;0,666;47,35;38108;25379,928;1201739,591
Rome;2020-01-05 00:00:00;0,612;31,37;17561;10747,332;337143,8048
Naples;2020-01-05 00:00:00;0,566;31,16;28216;15970,256;497633,177
Milan;2020-01-06 00:00:00;0,426;71,57;37796;16101,096;1152355,441
Rome;2020-01-06 00:00:00;0,549;37,62;17563;9642,087;362735,3129
Naples;2020-01-06 00:00:00;0,72;24,15;28177;20287,44;489941,676
Milan;2020-01-07 00:00:00;0,503;57,26;37824;19025,472;1089398,527
Rome;2020-01-07 00:00:00;0,694;28,86;17428;12095,032;349062,6235
Naples;2020-01-07 00:00:00;0,405;37,85;28106;11382,93;430843,9005
Milan;2020-01-08 00:00:00;0,474;62,52;37768;17902,032;1119235,041
Rome;2020-01-08 00:00:00;0,591;37,63;16935;10008,585;376623,0536
Naples;2020-01-08 00:00:00;0,367;44,43;28135;10325,545;458763,9644
Milan;2020-01-09 00:00:00;0,41;74,43;37822;15507,02;1154187,499
Rome;2020-01-09 00:00:00;0,451;46,34;16956;7647,156;354369,209
Naples;2020-01-09 00:00:00;0,618;25,55;28231;17446,758;445764,6669
Milan;2020-01-10 00:00:00;0,537;59,83;37801;20299,137;1214497,367
Rome;2020-01-10 00:00:00;0,74;28,02;17213;12737,62;356908,1124
Naples;2020-01-10 00:00:00;0,384;39,87;28436;10919,424;435357,4349
Milan;2020-01-11 00:00:00;0,395;78,5;37549;14831,855;1164300,618
Rome;2020-01-11 00:00:00;0,647;31,12;17243;11156,221;347181,5975
Naples;2020-01-11 00:00:00;0,558;29,1;28198;15734,484;457873,4844
Milan;2020-01-12 00:00:00;0,567;53,88;37704;21378,168;1151855,692
Rome;2020-01-12 00:00:00;0,715;26,96;17497;12510,355;337279,1708
Naples;2020-01-12 00:00:00;0,593;27,4;28239;16745,727;458832,9198
Milan;2020-01-13 00:00:00;0,638;48;37743;24080,034;1155841,632
Rome;2020-01-13 00:00:00;0,391;45,73;17431;6815,521;311673,7753
Naples;2020-01-13 00:00:00;0,509;33,62;28051;14277,959;480024,9816
Milan;2020-01-14 00:00:00;0,365;81,15;37838;13810,87;1120752,101
Rome;2020-01-14 00:00:00;0,495;43,13;17159;8493,705;366333,4967
Naples;2020-01-14 00:00:00;0,567;23,97;28435;16122,645;386459,8007
Milan;2020-01-15 00:00:00;0,372;79,17;37701;14024,772;1110341,199
Rome;2020-01-15 00:00:00;0,712;28,35;17314;12327,568;349486,5528
Naples;2020-01-15 00:00:00;0,626;23,29;28316;17725,816;412834,2546
Milan;2020-01-16 00:00:00;0,371;80,36;37727;13996,717;1124776,178
Rome;2020-01-16 00:00:00;0,402;48,87;17259;6938,118;339065,8267
Naples;2020-01-16 00:00:00;0,505;32,12;28386;14334,93;460437,9516
Milan;2020-01-17 00:00:00;0,554;51,27;37778;20929,012;1073030,445
Rome;2020-01-17 00:00:00;0,45;44,88;17162;7722,9;346603,752
Naples;2020-01-17 00:00:00;0,727;19,41;28398;20645,346;400726,1659
Milan;2020-01-18 00:00:00;0,541;56,89;37639;20362,699;1158433,946
Rome;2020-01-18 00:00:00;0,491;37,61;17438;8562,058;322019,0014
Naples;2020-01-18 00:00:00;0,561;29,55;28250;15848,25;468315,7875
Milan;2020-01-19 00:00:00;0,553;57,39;37745;20872,985;1197900,609
Rome;2020-01-19 00:00:00;0,47;43,32;17311;8136,17;352458,8844
Naples;2020-01-19 00:00:00;0,402;40,91;28250;11356,5;464594,415
Milan;2020-01-20 00:00:00;0,514;59,09;37986;19524,804;1153720,668
Rome;2020-01-20 00:00:00;0,544;36,84;17504;9522,176;350796,9638
Naples;2020-01-20 00:00:00;0,697;22,36;27971;19495,787;435925,7973
Milan;2020-01-21 00:00:00;0,523;58,89;37758;19747,434;1162926,388
Rome;2020-01-21 00:00:00;0,712;30,68;17462;12432,944;381442,7219
Naples;2020-01-21 00:00:00;0,741;22,95;27743;20557,563;471796,0709
Milan;2020-01-22 00:00:00;0,441;73,66;37785;16663,185;1227410,207
Rome;2020-01-22 00:00:00;0,704;30,2;17646;12422,784;375168,0768
Naples;2020-01-22 00:00:00;0,437;31,94;28136;12295,432;392716,0981
Milan;2020-01-23 00:00:00;0,504;62,29;37939;19121,256;1191063,036
Rome;2020-01-23 00:00:00;0,745;28,33;17598;13110,51;371420,7483
Naples;2020-01-23 00:00:00;0,722;22,35;28265;20407,33;456103,8255
Milan;2020-01-24 00:00:00;0,708;41,38;37873;26814,084;1109566,796
Rome;2020-01-24 00:00:00;0,623;32,6;17385;10830,855;353085,873
Naples;2020-01-24 00:00:00;0,657;25,66;28340;18619,38;477773,2908
Milan;2020-01-25 00:00:00;0,677;46,33;37932;25679,964;1189752,732
Rome;2020-01-25 00:00:00;0,613;32,44;17473;10710,949;347463,1856
Naples;2020-01-25 00:00:00;0,656;24,27;28305;18568,08;450647,3016
Milan;2020-01-26 00:00:00;0,477;69,68;38143;18194,211;1267772,622
Rome;2020-01-26 00:00:00;0,57;35,53;17411;9924,27;352609,3131
Naples;2020-01-26 00:00:00;0,588;27,63;28480;16746,24;462698,6112
Milan;2020-01-27 00:00:00;0,702;42,23;37827;26554,554;1121398,815
Rome;2020-01-27 00:00:00;0,636;31,23;17145;10904,22;340538,7906
Naples;2020-01-27 00:00:00;0,397;44,58;28424;11284,328;503055,3422
Milan;2020-01-28 00:00:00;0,732;44,43;37697;27594,204;1226010,484
Rome;2020-01-28 00:00:00;0,712;27,48;17230;12267,76;337118,0448
Naples;2020-01-28 00:00:00;0,58;31,42;28436;16492,88;518206,2896
Milan;2020-01-29 00:00:00;0,382;81,01;37855;14460,61;1171454,016
Rome;2020-01-29 00:00:00;0,644;32,62;17337;11165,028;364203,2134
Naples;2020-01-29 00:00:00;0,491;30,5;28261;13876,151;423222,6055
Milan;2020-01-30 00:00:00;0,719;40,19;37808;27183,952;1092523,031
Rome;2020-01-30 00:00:00;0,371;55,09;17192;6378,232;351376,8009
Naples;2020-01-30 00:00:00;0,719;23,45;28213;20285,147;475686,6972
Milan;2020-01-31 00:00:00;0,67;43,41;37754;25295,18;1098063,764
Rome;2020-01-31 00:00:00;0,575;34,37;17342;9971,65;342725,6105
Naples;2020-01-31 00:00:00;0,613;27,59;27811;17048,143;470358,2654
Milan;2020-02-01 00:00:00;0,432;73,22;37906;16375,392;1199006,202
Rome;2020-02-01 00:00:00;0,697;30,12;17337;12083,889;363966,7367
